session_id,index,text,shown_at,submitted_at,duration_ms,error_attempts,attempts,first_try_correct
20260919_165501,1,大家,2026-09-19 16:55:01.963,2026-09-19 16:55:09.345,7381.623,0,1,1
20260919_165501,2,走心,2026-09-19 16:55:09.354,2026-09-19 16:55:14.555,5201.158,0,1,1
20260919_165501,3,漂亮,2026-09-19 16:55:14.562,2026-09-19 16:55:16.160,1597.535,0,1,1
20260919_165501,4,女性,2026-09-19 16:55:16.161,2026-09-19 16:55:18.083,1922.000,0,1,1
20260919_165501,5,人生,2026-09-19 16:55:18.084,2026-09-19 16:55:21.170,3085.538,0,1,1
20260919_165501,6,上班,2026-09-19 16:55:21.172,2026-09-19 16:55:24.872,3700.368,0,1,1
20260919_165501,7,习惯,2026-09-19 16:55:24.873,2026-09-19 16:55:27.568,2694.428,0,1,1
20260919_165501,8,到来,2026-09-19 16:55:27.569,2026-09-19 16:55:29.604,2034.717,0,1,1
20260919_165501,9,秋天,2026-09-19 16:55:29.605,2026-09-19 16:55:30.960,1354.624,0,1,1
20260919_165501,10,中国,2026-09-19 16:55:30.962,2026-09-19 16:55:34.738,3776.281,0,1,1
20260919_165501,11,困了,2026-09-19 16:55:34.740,2026-09-19 16:55:38.357,3617.412,0,1,1
20260919_165501,12,学姐,2026-09-19 16:55:38.358,2026-09-19 16:55:42.050,3691.674,0,1,1
20260919_165501,13,除非,2026-09-19 16:55:42.051,2026-09-19 16:55:44.351,2299.553,0,1,1
20260919_165501,14,噩梦,2026-09-19 16:55:44.353,2026-09-19 16:55:45.797,1444.573,0,1,1
20260919_165501,15,安慰,2026-09-19 16:55:45.799,2026-09-19 16:55:47.433,1634.342,0,1,1
20260919_165501,16,昂扬,2026-09-19 16:55:47.434,2026-09-19 16:55:50.885,3450.728,0,1,1
20260919_184156,1,到来,2026-09-19 18:41:56.284,2026-09-19 18:42:37.747,41462.650,0,1,1
20260919_184156,2,走心,2026-09-19 18:42:37.748,2026-09-19 18:42:40.554,2805.274,0,1,1
20260919_184156,3,人生,2026-09-19 18:42:40.555,2026-09-19 18:42:43.854,3298.476,0,1,1
20260919_184156,4,学姐,2026-09-19 18:42:43.856,2026-09-19 18:42:47.864,4007.900,0,1,1
20260919_184156,5,秋天,2026-09-19 18:42:47.866,2026-09-19 18:42:49.113,1246.788,0,1,1
20260919_184156,6,噩梦,2026-09-19 18:42:49.114,2026-09-19 18:42:50.536,1421.204,0,1,1
20260919_184156,7,漂亮,2026-09-19 18:42:50.537,2026-09-19 18:42:52.027,1489.212,0,1,1
20260919_184156,8,困了,2026-09-19 18:42:52.028,2026-09-19 18:42:53.451,1422.424,0,1,1
20260919_184156,9,大家,2026-09-19 18:42:53.452,2026-09-19 18:42:54.745,1292.560,0,1,1
20260919_184156,10,上班,2026-09-19 18:42:54.746,2026-09-19 18:42:57.334,2587.509,0,1,1
20260919_184156,11,昂扬,2026-09-19 18:42:57.336,2026-09-19 18:42:59.535,2198.843,0,1,1
20260919_184156,12,除非,2026-09-19 18:42:59.537,2026-09-19 18:43:02.909,3371.942,0,1,1
20260919_184156,13,中国,2026-09-19 18:43:02.911,2026-09-19 18:43:05.543,2632.431,0,1,1
20260919_184156,14,安慰,2026-09-19 18:43:05.545,2026-09-19 18:43:07.920,2375.094,0,1,1
20260919_184156,15,习惯,2026-09-19 18:43:07.922,2026-09-19 18:43:10.114,2192.239,0,1,1
20260919_184156,16,女性,2026-09-19 18:43:10.116,2026-09-19 18:43:12.083,1967.305,0,1,1
20260919_184156,17,人生,2026-09-19 18:43:12.084,2026-09-19 18:43:16.253,4168.731,0,1,1
20260919_184156,18,除非,2026-09-19 18:43:16.254,2026-09-19 18:43:18.312,2057.520,0,1,1
20260919_184156,19,漂亮,2026-09-19 18:43:18.313,2026-09-19 18:43:19.811,1497.578,0,1,1
20260919_184156,20,到来,2026-09-19 18:43:19.812,2026-09-19 18:43:22.006,2193.759,0,1,1
20260919_184156,21,昂扬,2026-09-19 18:43:22.008,2026-09-19 18:43:23.952,1944.269,0,1,1
20260919_184156,22,安慰,2026-09-19 18:43:23.954,2026-09-19 18:43:25.575,1621.545,0,1,1
20260919_184156,23,中国,2026-09-19 18:43:25.576,2026-09-19 18:43:31.379,5802.718,0,1,1
20260919_184156,24,女性,2026-09-19 18:43:31.381,2026-09-19 18:43:33.165,1784.526,0,1,1
20260919_184156,25,上班,2026-09-19 18:43:33.167,2026-09-19 18:43:37.500,4333.796,0,1,1
20260919_184156,26,习惯,2026-09-19 18:43:37.502,2026-09-19 18:43:39.037,1535.441,0,1,1
20260919_184156,27,秋天,2026-09-19 18:43:39.039,2026-09-19 18:43:40.218,1179.420,0,1,1
20260919_184156,28,走心,2026-09-19 18:43:40.220,2026-09-19 18:43:42.784,2564.362,0,1,1
20260919_184156,29,大家,2026-09-19 18:43:42.786,2026-09-19 18:43:44.532,1746.629,0,1,1
20260919_184156,30,噩梦,2026-09-19 18:43:44.534,2026-09-19 18:43:46.204,1670.214,0,1,1
20260919_184156,31,困了,2026-09-19 18:43:46.206,2026-09-19 18:43:49.911,3705.233,0,1,1
20260919_184156,32,学姐,2026-09-19 18:43:49.913,2026-09-19 18:43:52.477,2564.691,0,1,1
20260919_184156,33,漂亮,2026-09-19 18:43:52.479,2026-09-19 18:43:53.787,1308.144,0,1,1
20260919_184156,34,噩梦,2026-09-19 18:43:53.789,2026-09-19 18:43:55.264,1474.211,0,1,1
20260919_184156,35,中国,2026-09-19 18:43:55.265,2026-09-19 18:44:00.357,5091.476,0,1,1
20260919_184156,36,上班,2026-09-19 18:44:00.358,2026-09-19 18:44:03.442,3083.552,0,1,1
20260919_184156,37,女性,2026-09-19 18:44:03.443,2026-09-19 18:44:05.159,1715.581,0,1,1
20260919_184156,38,昂扬,2026-09-19 18:44:05.160,2026-09-19 18:44:07.890,2729.589,0,1,1
20260919_184156,39,安慰,2026-09-19 18:44:07.891,2026-09-19 18:44:09.283,1391.163,0,1,1
20260919_184156,40,人生,2026-09-19 18:44:09.284,2026-09-19 18:44:13.663,4378.323,0,1,1
20260919_184156,41,学姐,2026-09-19 18:44:13.664,2026-09-19 18:44:16.349,2684.651,0,1,1
20260919_184156,42,大家,2026-09-19 18:44:16.350,2026-09-19 18:44:17.697,1346.399,0,1,1
20260919_184156,43,到来,2026-09-19 18:44:17.698,2026-09-19 18:44:20.375,2676.457,0,1,1
20260919_184156,44,除非,2026-09-19 18:44:20.376,2026-09-19 18:44:23.736,3359.434,0,1,1
20260919_184156,45,走心,2026-09-19 18:44:23.737,2026-09-19 18:44:27.496,3758.584,0,1,1
20260919_184156,46,困了,2026-09-19 18:44:27.497,2026-09-19 18:44:28.988,1490.618,0,1,1
20260919_184156,47,秋天,2026-09-19 18:44:28.990,2026-09-19 18:44:30.328,1338.149,0,1,1
20260919_184156,48,习惯,2026-09-19 18:44:30.329,2026-09-19 18:44:31.683,1353.333,0,1,1
20260919_184156,49,走心,2026-09-19 18:44:31.684,2026-09-19 18:44:33.394,1709.844,0,1,1
20260919_184156,50,漂亮,2026-09-19 18:44:33.395,2026-09-19 18:44:35.929,2533.725,0,1,1
20260919_184156,51,秋天,2026-09-19 18:44:35.931,2026-09-19 18:44:37.693,1762.290,0,1,1
20260919_184156,52,中国,2026-09-19 18:44:37.695,2026-09-19 18:44:40.742,3047.174,0,1,1
20260919_184156,53,除非,2026-09-19 18:44:40.744,2026-09-19 18:44:43.277,2533.420,0,1,1
20260919_184156,54,安慰,2026-09-19 18:44:43.279,2026-09-19 18:44:44.912,1633.221,0,1,1
20260919_184156,55,学姐,2026-09-19 18:44:44.913,2026-09-19 18:44:47.735,2821.818,0,1,1
20260919_184156,56,大家,2026-09-19 18:44:47.737,2026-09-19 18:44:49.218,1480.872,0,1,1
20260919_184156,57,困了,2026-09-19 18:44:49.220,2026-09-19 18:44:51.233,2013.484,0,1,1
20260919_184156,58,到来,2026-09-19 18:44:51.235,2026-09-19 18:44:53.514,2279.339,0,1,1
20260919_184156,59,昂扬,2026-09-19 18:44:53.516,2026-09-19 18:44:55.298,1782.412,0,1,1
20260919_184156,60,习惯,2026-09-19 18:44:55.300,2026-09-19 18:44:56.766,1466.655,0,1,1
20260919_184156,61,噩梦,2026-09-19 18:44:56.768,2026-09-19 18:44:58.280,1512.292,0,1,1
20260919_184156,62,上班,2026-09-19 18:44:58.282,2026-09-19 18:45:02.204,3921.382,0,1,1
20260919_184156,63,人生,2026-09-19 18:45:02.205,2026-09-19 18:45:05.333,3128.413,0,1,1
20260919_184156,64,女性,2026-09-19 18:45:05.335,2026-09-19 18:45:08.018,2683.044,0,1,1
20260919_184156,65,困了,2026-09-19 18:45:08.020,2026-09-19 18:45:10.945,2924.753,0,1,1
20260919_184156,66,漂亮,2026-09-19 18:45:10.946,2026-09-19 18:45:12.368,1421.201,0,1,1
20260919_184156,67,上班,2026-09-19 18:45:12.369,2026-09-19 18:45:15.582,3212.638,0,1,1
20260919_184156,68,到来,2026-09-19 18:45:15.583,2026-09-19 18:45:18.163,2579.657,0,1,1
20260919_184156,69,人生,2026-09-19 18:45:18.165,2026-09-19 18:45:22.256,4091.165,0,1,1
20260919_184156,70,除非,2026-09-19 18:45:22.258,2026-09-19 18:45:24.836,2578.128,0,1,1
20260919_184156,71,大家,2026-09-19 18:45:24.837,2026-09-19 18:45:26.372,1534.384,0,1,1
20260919_184156,72,女性,2026-09-19 18:45:26.373,2026-09-19 18:45:28.741,2368.482,0,1,1
20260919_184156,73,走心,2026-09-19 18:45:28.744,2026-09-19 18:45:31.750,3006.240,0,1,1
20260919_184156,74,昂扬,2026-09-19 18:45:31.751,2026-09-19 18:45:34.284,2532.274,0,1,1
20260919_184156,75,习惯,2026-09-19 18:45:34.286,2026-09-19 18:45:35.691,1405.120,0,1,1
20260919_184156,76,中国,2026-09-19 18:45:35.692,2026-09-19 18:45:39.707,4014.655,0,1,1
20260919_184156,77,噩梦,2026-09-19 18:45:39.709,2026-09-19 18:45:42.553,2844.562,0,1,1
20260919_184156,78,学姐,2026-09-19 18:45:42.555,2026-09-19 18:45:45.897,3341.948,0,1,1
20260919_184156,79,安慰,2026-09-19 18:45:45.899,2026-09-19 18:45:47.752,1853.106,0,1,1
20260919_184156,80,秋天,2026-09-19 18:45:47.753,2026-09-19 18:45:49.085,1331.529,0,1,1
20260919_184156,81,中国,2026-09-19 18:45:49.086,2026-09-19 18:45:54.806,5719.391,0,1,1
20260919_184156,82,昂扬,2026-09-19 18:45:54.808,2026-09-19 18:45:57.576,2768.685,0,1,1
20260919_184156,83,走心,2026-09-19 18:45:57.578,2026-09-19 18:46:01.411,3833.478,0,1,1
20260919_184156,84,上班,2026-09-19 18:46:01.413,2026-09-19 18:46:04.701,3288.189,0,1,1
20260919_184156,85,女性,2026-09-19 18:46:04.702,2026-09-19 18:46:06.267,1564.851,0,1,1
20260919_184156,86,到来,2026-09-19 18:46:06.269,2026-09-19 18:46:07.826,1557.511,0,1,1
20260919_184156,87,困了,2026-09-19 18:46:07.828,2026-09-19 18:46:09.226,1398.082,0,1,1
20260919_184156,88,学姐,2026-09-19 18:46:09.228,2026-09-19 18:46:12.872,3644.518,0,1,1
20260919_184156,89,秋天,2026-09-19 18:46:12.874,2026-09-19 18:46:14.183,1309.588,0,1,1
20260919_184156,90,安慰,2026-09-19 18:46:14.185,2026-09-19 18:46:15.401,1216.096,0,1,1
20260919_184156,91,噩梦,2026-09-19 18:46:15.403,2026-09-19 18:46:16.893,1490.048,0,1,1
20260919_184156,92,习惯,2026-09-19 18:46:16.895,2026-09-19 18:46:19.060,2165.381,0,1,1
20260919_184156,93,大家,2026-09-19 18:46:19.062,2026-09-19 18:46:20.180,1118.568,0,1,1
20260919_184156,94,漂亮,2026-09-19 18:46:20.182,2026-09-19 18:46:21.588,1406.282,0,1,1
20260919_184156,95,除非,2026-09-19 18:46:21.589,2026-09-19 18:46:25.085,3496.061,0,1,1
20260919_184156,96,人生,2026-09-19 18:46:25.087,2026-09-19 18:46:28.211,3124.611,0,1,1
20260919_184156,97,漂亮,2026-09-19 18:46:28.213,2026-09-19 18:46:29.521,1307.936,0,1,1
20260919_184156,98,上班,2026-09-19 18:46:29.524,2026-09-19 18:46:33.819,4295.525,0,1,1
20260919_184156,99,大家,2026-09-19 18:46:33.821,2026-09-19 18:46:34.827,1005.591,0,1,1
20260919_184156,100,秋天,2026-09-19 18:46:34.828,2026-09-19 18:46:36.143,1315.226,0,1,1
20260919_184156,101,昂扬,2026-09-19 18:46:36.145,2026-09-19 18:46:38.339,2193.650,0,1,1
20260919_184156,102,女性,2026-09-19 18:46:38.340,2026-09-19 18:46:40.080,1739.690,0,1,1
20260919_184156,103,到来,2026-09-19 18:46:40.081,2026-09-19 18:46:42.736,2654.639,0,1,1
20260919_184156,104,安慰,2026-09-19 18:46:42.737,2026-09-19 18:46:44.614,1876.265,0,1,1
20260919_184156,105,困了,2026-09-19 18:46:44.615,2026-09-19 18:46:46.000,1384.645,0,1,1
20260919_184156,106,习惯,2026-09-19 18:46:46.001,2026-09-19 18:46:48.234,2232.474,0,1,1
20260919_184156,107,走心,2026-09-19 18:46:48.235,2026-09-19 18:46:50.036,1800.423,0,1,1
20260919_184156,108,噩梦,2026-09-19 18:46:50.037,2026-09-19 18:46:53.516,3478.451,0,1,1
20260919_184156,109,学姐,2026-09-19 18:46:53.517,2026-09-19 18:46:55.778,2260.680,0,1,1
20260919_184156,110,除非,2026-09-19 18:46:55.780,2026-09-19 18:46:58.405,2625.076,0,1,1
20260919_184156,111,人生,2026-09-19 18:46:58.406,2026-09-19 18:47:01.256,2849.748,0,1,1
20260919_184156,112,中国,2026-09-19 18:47:01.257,2026-09-19 18:47:03.534,2276.756,0,1,1
20260919_184910,1,困了,2026-09-19 18:49:10.816,2026-09-19 18:49:13.720,2904.488,0,1,1
20260919_184910,2,女性,2026-09-19 18:49:13.722,2026-09-19 18:49:15.454,1731.833,0,1,1
20260919_184910,3,人生,2026-09-19 18:49:15.455,2026-09-19 18:49:17.439,1983.505,0,1,1
20260919_184910,4,走心,2026-09-19 18:49:17.440,2026-09-19 18:49:18.922,1481.267,0,1,1
20260919_184910,5,学姐,2026-09-19 18:49:18.923,2026-09-19 18:49:20.387,1464.518,0,1,1
20260919_184910,6,习惯,2026-09-19 18:49:20.390,2026-09-19 18:49:21.722,1332.016,0,1,1
20260919_184910,7,昂扬,2026-09-19 18:49:21.724,2026-09-19 18:49:23.193,1469.069,0,1,1
20260919_184910,8,到来,2026-09-19 18:49:23.194,2026-09-19 18:49:24.974,1779.677,0,1,1
20260919_184910,9,除非,2026-09-19 18:49:24.976,2026-09-19 18:49:26.655,1679.420,0,1,1
20260919_184910,10,秋天,2026-09-19 18:49:26.657,2026-09-19 18:49:29.722,3065.015,0,1,1
20260919_184910,11,大家,2026-09-19 18:49:29.724,2026-09-19 18:49:31.046,1321.754,0,1,1
20260919_184910,12,漂亮,2026-09-19 18:49:31.047,2026-09-19 18:49:32.461,1413.463,0,1,1
20260919_184910,13,中国,2026-09-19 18:49:32.462,2026-09-19 18:49:34.030,1567.548,0,1,1
20260919_184910,14,上班,2026-09-19 18:49:34.032,2026-09-19 18:49:35.621,1589.307,0,1,1
20260919_184910,15,安慰,2026-09-19 18:49:35.623,2026-09-19 18:49:37.794,2171.393,0,1,1
20260919_184910,16,噩梦,2026-09-19 18:49:37.796,2026-09-19 18:49:39.314,1517.755,0,1,1
20260919_184910,17,习惯,2026-09-19 18:49:39.316,2026-09-19 18:49:43.107,3790.638,0,1,1
20260919_184910,18,到来,2026-09-19 18:49:43.109,2026-09-19 18:49:44.485,1376.440,0,1,1
20260919_184910,19,上班,2026-09-19 18:49:44.486,2026-09-19 18:49:46.105,1618.487,0,1,1
20260919_184910,20,噩梦,2026-09-19 18:49:46.107,2026-09-19 18:49:48.435,2328.358,0,1,1
20260919_184910,21,走心,2026-09-19 18:49:48.437,2026-09-19 18:49:50.411,1974.299,0,1,1
20260919_184910,22,困了,2026-09-19 18:49:50.413,2026-09-19 18:49:52.007,1594.641,0,1,1
20260919_184910,23,除非,2026-09-19 18:49:52.009,2026-09-19 18:49:53.877,1868.092,0,1,1
20260919_184910,24,昂扬,2026-09-19 18:49:53.879,2026-09-19 18:49:59.106,5227.269,0,1,1
20260919_184910,25,秋天,2026-09-19 18:49:59.108,2026-09-19 18:50:00.551,1443.333,0,1,1
20260919_184910,26,中国,2026-09-19 18:50:00.553,2026-09-19 18:50:02.194,1641.410,0,1,1
20260919_184910,27,人生,2026-09-19 18:50:02.196,2026-09-19 18:50:03.807,1611.553,0,1,1
20260919_184910,28,大家,2026-09-19 18:50:03.809,2026-09-19 18:50:04.747,938.627,0,1,1
20260919_184910,29,学姐,2026-09-19 18:50:04.749,2026-09-19 18:50:06.368,1619.498,0,1,1
20260919_184910,30,安慰,2026-09-19 18:50:06.369,2026-09-19 18:50:07.512,1142.731,0,1,1
20260919_184910,31,女性,2026-09-19 18:50:07.514,2026-09-19 18:50:09.247,1733.361,0,1,1
20260919_184910,32,漂亮,2026-09-19 18:50:09.248,2026-09-19 18:50:12.017,2768.769,0,1,1
20260919_184910,33,学姐,2026-09-19 18:50:12.019,2026-09-19 18:50:13.851,1832.230,0,1,1
20260919_184910,34,困了,2026-09-19 18:50:13.855,2026-09-19 18:50:17.415,3560.478,0,1,1
20260919_184910,35,女性,2026-09-19 18:50:17.417,2026-09-19 18:50:18.854,1437.399,0,1,1
20260919_184910,36,秋天,2026-09-19 18:50:18.856,2026-09-19 18:50:20.635,1778.879,0,1,1
20260919_184910,37,漂亮,2026-09-19 18:50:20.636,2026-09-19 18:50:22.958,2321.916,0,1,1
20260919_184910,38,除非,2026-09-19 18:50:22.960,2026-09-19 18:50:24.223,1263.676,0,1,1
20260919_184910,39,噩梦,2026-09-19 18:50:24.226,2026-09-19 18:50:26.449,2223.241,0,1,1
20260919_184910,40,到来,2026-09-19 18:50:26.451,2026-09-19 18:50:28.282,1830.500,0,1,1
20260919_184910,41,习惯,2026-09-19 18:50:28.283,2026-09-19 18:50:30.312,2028.226,0,1,1
20260919_184910,42,上班,2026-09-19 18:50:30.314,2026-09-19 18:50:31.939,1625.686,0,1,1
20260919_184910,43,走心,2026-09-19 18:50:31.941,2026-09-19 18:50:33.521,1580.569,0,1,1
20260919_184910,44,中国,2026-09-19 18:50:33.524,2026-09-19 18:50:37.703,4179.171,0,1,1
20260919_184910,45,安慰,2026-09-19 18:50:37.704,2026-09-19 18:50:40.285,2580.963,0,1,1
20260919_184910,46,大家,2026-09-19 18:50:40.287,2026-09-19 18:50:41.700,1412.968,0,1,1
20260919_184910,47,昂扬,2026-09-19 18:50:41.701,2026-09-19 18:50:43.494,1792.292,0,1,1
20260919_184910,48,人生,2026-09-19 18:50:43.495,2026-09-19 18:50:46.477,2981.504,0,1,1
20260919_184910,49,中国,2026-09-19 18:50:46.479,2026-09-19 18:50:48.574,2094.865,0,1,1
20260919_184910,50,漂亮,2026-09-19 18:50:48.575,2026-09-19 18:50:50.460,1884.437,0,1,1
20260919_184910,51,到来,2026-09-19 18:50:50.461,2026-09-19 18:50:52.383,1921.353,0,1,1
20260919_184910,52,除非,2026-09-19 18:50:52.384,2026-09-19 18:50:53.739,1354.664,0,1,1
20260919_184910,53,安慰,2026-09-19 18:50:53.741,2026-09-19 18:50:54.860,1118.812,0,1,1
20260919_184910,54,女性,2026-09-19 18:50:54.861,2026-09-19 18:50:56.139,1277.396,0,1,1
20260919_184910,55,噩梦,2026-09-19 18:50:56.141,2026-09-19 18:50:59.781,3640.254,0,1,1
20260919_184910,56,昂扬,2026-09-19 18:50:59.783,2026-09-19 18:51:02.005,2222.137,0,1,1
20260919_184910,57,习惯,2026-09-19 18:51:02.006,2026-09-19 18:51:03.670,1663.531,0,1,1
20260919_184910,58,走心,2026-09-19 18:51:03.672,2026-09-19 18:51:05.139,1467.034,0,1,1
20260919_184910,59,困了,2026-09-19 18:51:05.140,2026-09-19 18:51:06.729,1588.562,0,1,1
20260919_184910,60,人生,2026-09-19 18:51:06.731,2026-09-19 18:51:08.729,1998.114,0,1,1
20260919_184910,61,上班,2026-09-19 18:51:08.730,2026-09-19 18:51:10.282,1551.781,0,1,1
20260919_184910,62,秋天,2026-09-19 18:51:10.284,2026-09-19 18:51:11.706,1421.902,0,1,1
20260919_184910,63,大家,2026-09-19 18:51:11.707,2026-09-19 18:51:12.856,1148.598,0,1,1
20260919_184910,64,学姐,2026-09-19 18:51:12.858,2026-09-19 18:51:14.235,1377.397,0,1,1
20260919_184910,65,漂亮,2026-09-19 18:51:14.236,2026-09-19 18:51:15.870,1633.755,0,1,1
20260919_184910,66,中国,2026-09-19 18:51:15.871,2026-09-19 18:51:17.612,1740.606,0,1,1
20260919_184910,67,除非,2026-09-19 18:51:17.614,2026-09-19 18:51:19.431,1817.351,0,1,1
20260919_184910,68,到来,2026-09-19 18:51:19.433,2026-09-19 18:51:20.673,1240.737,0,1,1
20260919_184910,69,秋天,2026-09-19 18:51:20.675,2026-09-19 18:51:21.848,1173.818,0,1,1
20260919_184910,70,困了,2026-09-19 18:51:21.850,2026-09-19 18:51:23.423,1572.736,0,1,1
20260919_184910,71,噩梦,2026-09-19 18:51:23.425,2026-09-19 18:51:24.694,1269.620,0,1,1
20260919_184910,72,安慰,2026-09-19 18:51:24.695,2026-09-19 18:51:26.246,1550.601,0,1,1
20260919_184910,73,女性,2026-09-19 18:51:26.248,2026-09-19 18:51:28.024,1776.337,0,1,1
20260919_184910,74,走心,2026-09-19 18:51:28.026,2026-09-19 18:51:29.380,1354.500,0,1,1
20260919_184910,75,上班,2026-09-19 18:51:29.382,2026-09-19 18:51:31.114,1732.524,0,1,1
20260919_184910,76,人生,2026-09-19 18:51:31.116,2026-09-19 18:51:32.621,1505.624,0,1,1
20260919_184910,77,学姐,2026-09-19 18:51:32.623,2026-09-19 18:51:34.997,2374.630,0,1,1
20260919_184910,78,大家,2026-09-19 18:51:34.999,2026-09-19 18:51:36.027,1028.455,0,1,1
20260919_184910,79,昂扬,2026-09-19 18:51:36.029,2026-09-19 18:51:38.398,2369.497,0,1,1
20260919_184910,80,习惯,2026-09-19 18:51:38.400,2026-09-19 18:51:39.677,1277.565,0,1,1
20260919_184910,81,除非,2026-09-19 18:51:39.679,2026-09-19 18:51:41.321,1642.436,0,1,1
20260919_184910,82,学姐,2026-09-19 18:51:41.323,2026-09-19 18:51:42.797,1474.549,0,1,1
20260919_184910,83,漂亮,2026-09-19 18:51:42.799,2026-09-19 18:51:44.342,1543.237,0,1,1
20260919_184910,84,人生,2026-09-19 18:51:44.344,2026-09-19 18:51:45.934,1590.350,0,1,1
20260919_184910,85,女性,2026-09-19 18:51:45.936,2026-09-19 18:51:47.652,1716.630,0,1,1
20260919_184910,86,上班,2026-09-19 18:51:47.654,2026-09-19 18:51:49.228,1574.365,0,1,1
20260919_184910,87,中国,2026-09-19 18:51:49.230,2026-09-19 18:51:50.917,1687.300,0,1,1
20260919_184910,88,安慰,2026-09-19 18:51:50.919,2026-09-19 18:51:52.106,1187.450,0,1,1
20260919_184910,89,大家,2026-09-19 18:51:52.108,2026-09-19 18:51:53.076,967.829,0,1,1
20260919_184910,90,走心,2026-09-19 18:51:53.077,2026-09-19 18:51:54.296,1218.554,0,1,1
20260919_184910,91,噩梦,2026-09-19 18:51:54.298,2026-09-19 18:51:57.076,2777.975,0,1,1
20260919_184910,92,习惯,2026-09-19 18:51:57.077,2026-09-19 18:51:58.272,1194.838,0,1,1
20260919_184910,93,秋天,2026-09-19 18:51:58.274,2026-09-19 18:51:59.559,1284.883,0,1,1
20260919_184910,94,昂扬,2026-09-19 18:51:59.560,2026-09-19 18:52:02.315,2754.563,0,1,1
20260919_184910,95,到来,2026-09-19 18:52:02.316,2026-09-19 18:52:03.693,1376.671,0,1,1
20260919_184910,96,困了,2026-09-19 18:52:03.694,2026-09-19 18:52:05.622,1928.050,0,1,1
20260919_184910,97,学姐,2026-09-19 18:52:05.624,2026-09-19 18:52:06.865,1240.871,0,1,1
20260919_184910,98,中国,2026-09-19 18:52:06.866,2026-09-19 18:52:11.515,4648.325,0,1,1
20260919_184910,99,女性,2026-09-19 18:52:11.516,2026-09-19 18:52:13.301,1784.360,0,1,1
20260919_184910,100,安慰,2026-09-19 18:52:13.302,2026-09-19 18:52:14.422,1119.447,0,1,1
20260919_184910,101,困了,2026-09-19 18:52:14.423,2026-09-19 18:52:16.514,2090.631,0,1,1
20260919_184910,102,到来,2026-09-19 18:52:16.516,2026-09-19 18:52:17.737,1221.122,0,1,1
20260919_184910,103,人生,2026-09-19 18:52:17.738,2026-09-19 18:52:19.691,1952.942,0,1,1
20260919_184910,104,大家,2026-09-19 18:52:19.692,2026-09-19 18:52:20.517,824.606,0,1,1
20260919_184910,105,昂扬,2026-09-19 18:52:20.518,2026-09-19 18:52:22.145,1626.510,0,1,1
20260919_184910,106,上班,2026-09-19 18:52:22.146,2026-09-19 18:52:23.683,1536.383,0,1,1
20260919_184910,107,除非,2026-09-19 18:52:23.684,2026-09-19 18:52:24.948,1263.435,0,1,1
20260919_184910,108,漂亮,2026-09-19 18:52:24.949,2026-09-19 18:52:26.825,1875.602,0,1,1
20260919_184910,109,噩梦,2026-09-19 18:52:26.827,2026-09-19 18:52:28.641,1814.521,0,1,1
20260919_184910,110,习惯,2026-09-19 18:52:28.643,2026-09-19 18:52:30.488,1845.279,0,1,1
20260919_184910,111,秋天,2026-09-19 18:52:30.490,2026-09-19 18:52:31.867,1377.326,0,1,1
20260919_184910,112,走心,2026-09-19 18:52:31.868,2026-09-19 18:52:33.206,1337.623,0,1,1
20260920_092120,1,除非,2026-09-20 09:21:20.650,2026-09-20 09:21:33.301,12651.493,0,1,1
20260920_092120,2,习惯,2026-09-20 09:21:33.306,2026-09-20 09:21:34.701,1394.550,0,1,1
20260920_092120,3,走心,2026-09-20 09:21:34.702,2026-09-20 09:21:37.439,2737.421,0,1,1
20260920_092120,4,中国,2026-09-20 09:21:37.441,2026-09-20 09:21:39.633,2192.314,0,1,1
20260920_092120,5,上班,2026-09-20 09:21:39.635,2026-09-20 09:21:42.999,3364.315,0,1,1
20260920_092120,6,噩梦,2026-09-20 09:21:43.001,2026-09-20 09:21:44.491,1490.200,0,1,1
20260920_092120,7,到来,2026-09-20 09:21:44.493,2026-09-20 09:21:46.594,2101.387,0,1,1
20260920_092120,8,大家,2026-09-20 09:21:46.596,2026-09-20 09:21:47.774,1178.758,0,1,1
20260920_092120,9,女性,2026-09-20 09:21:47.776,2026-09-20 09:21:49.643,1867.060,0,1,1
20260920_092120,10,安慰,2026-09-20 09:21:49.645,2026-09-20 09:21:51.179,1534.564,0,1,1
20260920_092120,11,学姐,2026-09-20 09:21:51.181,2026-09-20 09:21:55.180,3999.544,0,1,1
20260920_092120,12,困了,2026-09-20 09:21:55.182,2026-09-20 09:21:56.739,1557.206,0,1,1
20260920_092120,13,昂扬,2026-09-20 09:21:56.741,2026-09-20 09:21:58.935,2194.386,0,1,1
20260920_092120,14,漂亮,2026-09-20 09:21:58.937,2026-09-20 09:22:00.517,1580.252,0,1,1
20260920_092120,15,秋天,2026-09-20 09:22:00.519,2026-09-20 09:22:01.783,1263.980,0,1,1
20260920_092120,16,人生,2026-09-20 09:22:01.784,2026-09-20 09:22:04.754,2969.837,0,1,1
20260920_092120,17,除非,2026-09-20 09:22:04.756,2026-09-20 09:22:06.949,2193.513,0,1,1
20260920_092120,18,上班,2026-09-20 09:22:06.951,2026-09-20 09:22:10.483,3531.496,0,1,1
20260920_092120,19,人生,2026-09-20 09:22:10.485,2026-09-20 09:22:13.704,3219.976,0,1,1
20260920_092120,20,漂亮,2026-09-20 09:22:13.706,2026-09-20 09:22:15.061,1354.807,0,1,1
20260920_092120,21,噩梦,2026-09-20 09:22:15.062,2026-09-20 09:22:17.885,2823.020,0,1,1
20260920_092120,22,大家,2026-09-20 09:22:17.887,2026-09-20 09:22:19.106,1218.763,0,1,1
20260920_092120,23,中国,2026-09-20 09:22:19.107,2026-09-20 09:22:22.178,3071.036,0,1,1
20260920_092120,24,女性,2026-09-20 09:22:22.180,2026-09-20 09:22:23.881,1701.434,0,1,1
20260920_092120,25,昂扬,2026-09-20 09:22:23.883,2026-09-20 09:22:25.826,1942.954,0,1,1
20260920_092120,26,学姐,2026-09-20 09:22:25.827,2026-09-20 09:22:28.407,2579.472,0,1,1
20260920_092120,27,到来,2026-09-20 09:22:28.408,2026-09-20 09:22:30.307,1898.706,0,1,1
20260920_092120,28,安慰,2026-09-20 09:22:30.308,2026-09-20 09:22:31.564,1255.587,0,1,1
20260920_092120,29,习惯,2026-09-20 09:22:31.565,2026-09-20 09:22:33.394,1828.289,0,1,1
20260920_092120,30,秋天,2026-09-20 09:22:33.395,2026-09-20 09:22:35.180,1785.122,0,1,1
20260920_092120,31,困了,2026-09-20 09:22:35.182,2026-09-20 09:22:36.532,1349.534,0,1,1
20260920_092120,32,走心,2026-09-20 09:22:36.533,2026-09-20 09:22:38.647,2113.485,0,1,1
20260920_092120,33,漂亮,2026-09-20 09:22:38.648,2026-09-20 09:22:40.183,1535.315,0,1,1
20260920_092120,34,走心,2026-09-20 09:22:40.185,2026-09-20 09:22:42.371,2185.664,0,1,1
20260920_092120,35,习惯,2026-09-20 09:22:42.372,2026-09-20 09:22:44.482,2109.512,0,1,1
20260920_092120,36,女性,2026-09-20 09:22:44.483,2026-09-20 09:22:45.853,1369.603,0,1,1
20260920_092120,37,困了,2026-09-20 09:22:45.854,2026-09-20 09:22:47.322,1467.647,0,1,1
20260920_092120,38,除非,2026-09-20 09:22:47.323,2026-09-20 09:22:49.901,2577.889,0,1,1
20260920_092120,39,昂扬,2026-09-20 09:22:49.903,2026-09-20 09:22:51.483,1580.913,0,1,1
20260920_092120,40,上班,2026-09-20 09:22:51.485,2026-09-20 09:22:55.100,3614.653,0,1,1
20260920_092120,41,学姐,2026-09-20 09:22:55.101,2026-09-20 09:22:57.477,2375.558,0,1,1
20260920_092120,42,大家,2026-09-20 09:22:57.479,2026-09-20 09:22:59.520,2041.411,0,1,1
20260920_092120,43,噩梦,2026-09-20 09:22:59.522,2026-09-20 09:23:01.216,1694.125,0,1,1
20260920_092120,44,秋天,2026-09-20 09:23:01.217,2026-09-20 09:23:02.691,1473.300,0,1,1
20260920_092120,45,安慰,2026-09-20 09:23:02.692,2026-09-20 09:23:03.994,1301.696,0,1,1
20260920_092120,46,人生,2026-09-20 09:23:03.995,2026-09-20 09:23:07.648,3652.566,0,1,1
20260920_092120,47,中国,2026-09-20 09:23:07.649,2026-09-20 09:23:09.768,2118.414,0,1,1
20260920_092120,48,到来,2026-09-20 09:23:09.769,2026-09-20 09:23:11.305,1535.806,0,1,1
20260920_092120,49,习惯,2026-09-20 09:23:11.307,2026-09-20 09:23:12.638,1331.257,0,1,1
20260920_092120,50,困了,2026-09-20 09:23:12.639,2026-09-20 09:23:13.997,1357.775,0,1,1
20260920_092120,51,中国,2026-09-20 09:23:13.998,2026-09-20 09:23:16.233,2234.328,0,1,1
20260920_092120,52,昂扬,2026-09-20 09:23:16.234,2026-09-20 09:23:18.345,2110.773,0,1,1
20260920_092120,53,走心,2026-09-20 09:23:18.347,2026-09-20 09:23:20.827,2480.335,0,1,1
20260920_092120,54,到来,2026-09-20 09:23:20.828,2026-09-20 09:23:23.015,2186.624,0,1,1
20260920_092120,55,秋天,2026-09-20 09:23:23.017,2026-09-20 09:23:24.439,1422.177,0,1,1
20260920_092120,56,上班,2026-09-20 09:23:24.440,2026-09-20 09:23:27.919,3479.020,0,1,1
20260920_092120,57,噩梦,2026-09-20 09:23:27.921,2026-09-20 09:23:30.108,2187.122,0,1,1
20260920_092120,58,女性,2026-09-20 09:23:30.110,2026-09-20 09:23:32.297,2187.381,0,1,1
20260920_092120,59,人生,2026-09-20 09:23:32.299,2026-09-20 09:23:35.066,2767.451,0,1,1
20260920_092120,60,安慰,2026-09-20 09:23:35.068,2026-09-20 09:23:36.573,1505.708,0,1,1
20260920_092120,61,漂亮,2026-09-20 09:23:36.575,2026-09-20 09:23:38.276,1700.731,0,1,1
20260920_092120,62,除非,2026-09-20 09:23:38.278,2026-09-20 09:23:40.992,2714.900,0,1,1
20260920_092120,63,大家,2026-09-20 09:23:40.994,2026-09-20 09:23:42.439,1444.733,0,1,1
20260920_092120,64,学姐,2026-09-20 09:23:42.441,2026-09-20 09:23:44.573,2132.677,0,1,1
20260920_092120,65,人生,2026-09-20 09:23:44.575,2026-09-20 09:23:47.290,2715.191,0,1,1
20260920_092120,66,女性,2026-09-20 09:23:47.292,2026-09-20 09:23:49.152,1860.536,0,1,1
20260920_092120,67,噩梦,2026-09-20 09:23:49.154,2026-09-20 09:23:51.075,1921.583,0,1,1
20260920_092120,68,走心,2026-09-20 09:23:51.077,2026-09-20 09:23:52.997,1920.515,0,1,1
20260920_092120,69,安慰,2026-09-20 09:23:52.999,2026-09-20 09:23:54.413,1414.349,0,1,1
20260920_092120,70,上班,2026-09-20 09:23:54.415,2026-09-20 09:23:57.396,2980.565,0,1,1
20260920_092120,71,学姐,2026-09-20 09:23:57.397,2026-09-20 09:24:00.929,3531.559,0,1,1
20260920_092120,72,漂亮,2026-09-20 09:24:00.930,2026-09-20 09:24:02.374,1444.178,0,1,1
20260920_092120,73,中国,2026-09-20 09:24:02.376,2026-09-20 09:24:04.842,2465.597,0,1,1
20260920_092120,74,困了,2026-09-20 09:24:04.843,2026-09-20 09:24:06.741,1898.071,0,1,1
20260920_092120,75,昂扬,2026-09-20 09:24:06.743,2026-09-20 09:24:08.627,1884.003,0,1,1
20260920_092120,76,大家,2026-09-20 09:24:08.629,2026-09-20 09:24:09.847,1218.088,0,1,1
20260920_092120,77,除非,2026-09-20 09:24:09.848,2026-09-20 09:24:12.019,2170.372,0,1,1
20260920_092120,78,秋天,2026-09-20 09:24:12.020,2026-09-20 09:24:13.427,1406.686,0,1,1
20260920_092120,79,到来,2026-09-20 09:24:13.428,2026-09-20 09:24:14.873,1445.028,0,1,1
20260920_092120,80,习惯,2026-09-20 09:24:14.875,2026-09-20 09:24:16.268,1392.407,0,1,1
20260920_092120,81,到来,2026-09-20 09:24:16.269,2026-09-20 09:24:17.987,1717.688,0,1,1
20260920_092120,82,人生,2026-09-20 09:24:17.989,2026-09-20 09:24:21.362,3373.232,0,1,1
20260920_092120,83,安慰,2026-09-20 09:24:21.364,2026-09-20 09:24:23.269,1905.388,0,1,1
20260920_092120,84,走心,2026-09-20 09:24:23.271,2026-09-20 09:24:25.093,1822.093,0,1,1
20260920_092120,85,女性,2026-09-20 09:24:25.094,2026-09-20 09:24:26.918,1823.603,0,1,1
20260920_092120,86,习惯,2026-09-20 09:24:26.919,2026-09-20 09:24:28.977,2057.390,0,1,1
20260920_092120,87,噩梦,2026-09-20 09:24:28.979,2026-09-20 09:24:30.582,1603.213,0,1,1
20260920_092120,88,中国,2026-09-20 09:24:30.583,2026-09-20 09:24:34.176,3592.381,0,1,1
20260920_092120,89,漂亮,2026-09-20 09:24:34.178,2026-09-20 09:24:35.554,1376.594,0,1,1
20260920_092120,90,除非,2026-09-20 09:24:35.556,2026-09-20 09:24:39.080,3524.171,0,1,1
20260920_092120,91,昂扬,2026-09-20 09:24:39.081,2026-09-20 09:24:40.798,1716.565,0,1,1
20260920_092120,92,大家,2026-09-20 09:24:40.799,2026-09-20 09:24:41.972,1172.410,0,1,1
20260920_092120,93,上班,2026-09-20 09:24:41.973,2026-09-20 09:24:44.710,2736.975,0,1,1
20260920_092120,94,秋天,2026-09-20 09:24:44.712,2026-09-20 09:24:46.156,1444.390,0,1,1
20260920_092120,95,困了,2026-09-20 09:24:46.157,2026-09-20 09:24:47.738,1580.819,0,1,1
20260920_092120,96,学姐,2026-09-20 09:24:47.740,2026-09-20 09:24:50.272,2532.160,0,1,1
20260920_092120,97,大家,2026-09-20 09:24:50.274,2026-09-20 09:24:51.438,1164.103,0,1,1
20260920_092120,98,中国,2026-09-20 09:24:51.439,2026-09-20 09:24:53.314,1874.566,0,1,1
20260920_092120,99,安慰,2026-09-20 09:24:53.315,2026-09-20 09:24:54.480,1164.641,0,1,1
20260920_092120,100,除非,2026-09-20 09:24:54.482,2026-09-20 09:24:57.757,3275.521,0,1,1
20260920_092120,101,漂亮,2026-09-20 09:24:57.758,2026-09-20 09:24:59.118,1359.458,0,1,1
20260920_092120,102,秋天,2026-09-20 09:24:59.119,2026-09-20 09:25:00.564,1444.592,0,1,1
20260920_092120,103,到来,2026-09-20 09:25:00.565,2026-09-20 09:25:02.464,1898.549,0,1,1
20260920_092120,104,走心,2026-09-20 09:25:02.465,2026-09-20 09:25:04.477,2011.841,0,1,1
20260920_092120,105,人生,2026-09-20 09:25:04.479,2026-09-20 09:25:07.556,3076.935,0,1,1
20260920_092120,106,习惯,2026-09-20 09:25:07.557,2026-09-20 09:25:08.819,1261.631,0,1,1
20260920_092120,107,女性,2026-09-20 09:25:08.821,2026-09-20 09:25:10.235,1414.391,0,1,1
20260920_092120,108,噩梦,2026-09-20 09:25:10.236,2026-09-20 09:25:13.097,2861.636,0,1,1
20260920_092120,109,昂扬,2026-09-20 09:25:13.099,2026-09-20 09:25:14.754,1654.813,0,1,1
20260920_092120,110,困了,2026-09-20 09:25:14.756,2026-09-20 09:25:16.564,1808.355,0,1,1
20260920_092120,111,学姐,2026-09-20 09:25:16.566,2026-09-20 09:25:19.643,3077.783,0,1,1
20260920_092120,112,上班,2026-09-20 09:25:19.645,2026-09-20 09:25:22.232,2587.087,0,1,1
20260927_205330,1,女性,2026-09-27 20:53:37.732,2026-09-27 20:53:37.732,0.165,0,1,1
20260927_205330,2,人生,2026-09-27 20:53:37.747,2026-09-27 20:53:40.330,2582.878,0,1,1
20260927_205330,3,习惯,2026-09-27 20:53:40.339,2026-09-27 20:53:41.773,1434.443,0,1,1
20260927_205330,4,大家,2026-09-27 20:53:41.774,2026-09-27 20:53:42.922,1148.560,0,1,1
20260927_205330,5,漂亮,2026-09-27 20:53:42.926,2026-09-27 20:53:44.568,1641.445,0,1,1
20260927_205330,6,困了,2026-09-27 20:53:44.572,2026-09-27 20:53:45.986,1414.240,0,1,1
20260927_205330,7,到来,2026-09-27 20:53:45.988,2026-09-27 20:53:48.481,2493.102,0,1,1
20260927_205330,8,安慰,2026-09-27 20:53:48.483,2026-09-27 20:53:49.749,1266.125,0,1,1
20260927_205330,9,走心,2026-09-27 20:53:49.753,2026-09-27 20:53:52.042,2289.731,0,1,1
20260927_205330,10,除非,2026-09-27 20:53:52.045,2026-09-27 20:53:55.353,3308.052,0,1,1
20260927_205330,11,上班,2026-09-27 20:53:55.356,2026-09-27 20:53:59.721,4364.354,0,1,1
20260927_205330,12,秋天,2026-09-27 20:53:59.724,2026-09-27 20:54:01.971,2247.709,0,1,1
20260927_205330,13,噩梦,2026-09-27 20:54:01.975,2026-09-27 20:54:04.177,2202.274,0,1,1
20260927_205330,14,中国,2026-09-27 20:54:04.181,2026-09-27 20:54:06.120,1939.365,0,1,1
20260927_205330,15,昂扬,2026-09-27 20:54:06.123,2026-09-27 20:54:07.721,1597.345,0,1,1
20260927_205330,16,学姐,2026-09-27 20:54:07.725,2026-09-27 20:54:10.647,2921.809,0,1,1
20260927_205330,17,大家,2026-09-27 20:54:10.651,2026-09-27 20:54:12.525,1874.904,0,1,1
20260927_205330,18,秋天,2026-09-27 20:54:12.527,2026-09-27 20:54:13.827,1299.797,0,1,1
20260927_205330,19,昂扬,2026-09-27 20:54:13.829,2026-09-27 20:54:15.899,2069.713,0,1,1
20260927_205330,20,上班,2026-09-27 20:54:15.901,2026-09-27 20:54:21.796,5894.993,0,1,1
20260927_205330,21,噩梦,2026-09-27 20:54:21.799,2026-09-27 20:54:24.104,2305.770,0,1,1
20260927_205330,22,安慰,2026-09-27 20:54:24.108,2026-09-27 20:54:26.518,2410.661,0,1,1
20260927_205330,23,走心,2026-09-27 20:54:26.522,2026-09-27 20:54:31.128,4605.926,0,1,1
20260927_205330,24,中国,2026-09-27 20:54:31.129,2026-09-27 20:54:33.711,2582.089,0,1,1
20260927_205330,25,人生,2026-09-27 20:54:33.714,2026-09-27 20:54:36.811,3096.941,0,1,1
20260927_205330,26,困了,2026-09-27 20:54:36.814,2026-09-27 20:54:38.093,1278.405,0,1,1
20260927_205330,27,学姐,2026-09-27 20:54:38.096,2026-09-27 20:54:41.672,3575.585,0,1,1
20260927_205330,28,漂亮,2026-09-27 20:54:41.676,2026-09-27 20:54:45.309,3633.263,0,1,1
20260927_205330,29,到来,2026-09-27 20:54:45.312,2026-09-27 20:54:47.288,1976.249,0,1,1
20260927_205330,30,女性,2026-09-27 20:54:47.292,2026-09-27 20:54:49.110,1818.187,0,1,1
20260927_205330,31,习惯,2026-09-27 20:54:49.113,2026-09-27 20:54:50.711,1598.244,0,1,1
20260927_205330,32,除非,2026-09-27 20:54:50.714,2026-09-27 20:54:52.176,1461.306,0,1,1
20260927_205330,33,漂亮,2026-09-27 20:54:52.179,2026-09-27 20:54:53.956,1776.953,0,1,1
20260927_205330,34,除非,2026-09-27 20:54:53.958,2026-09-27 20:54:55.392,1433.369,0,1,1
20260927_205330,35,到来,2026-09-27 20:54:55.394,2026-09-27 20:54:59.762,4367.193,0,1,1
20260927_205330,36,秋天,2026-09-27 20:54:59.765,2026-09-27 20:55:01.382,1617.784,0,1,1
20260927_205330,37,昂扬,2026-09-27 20:55:01.386,2026-09-27 20:55:02.871,1484.839,0,1,1
20260927_205330,38,女性,2026-09-27 20:55:02.874,2026-09-27 20:55:05.334,2460.027,0,1,1
20260927_205330,39,安慰,2026-09-27 20:55:05.337,2026-09-27 20:55:06.548,1210.654,0,1,1
20260927_205330,40,中国,2026-09-27 20:55:06.551,2026-09-27 20:55:08.097,1546.462,0,1,1
20260927_205330,41,人生,2026-09-27 20:55:08.099,2026-09-27 20:55:09.990,1891.246,0,1,1
20260927_205330,42,困了,2026-09-27 20:55:09.993,2026-09-27 20:55:11.242,1248.580,0,1,1
20260927_205330,43,学姐,2026-09-27 20:55:11.245,2026-09-27 20:55:12.657,1412.095,0,1,1
20260927_205330,44,习惯,2026-09-27 20:55:12.660,2026-09-27 20:55:14.249,1588.783,0,1,1
20260927_205330,45,大家,2026-09-27 20:55:14.252,2026-09-27 20:55:15.578,1325.811,0,1,1
20260927_205330,46,上班,2026-09-27 20:55:15.581,2026-09-27 20:55:19.202,3621.170,0,1,1
20260927_205330,47,噩梦,2026-09-27 20:55:19.206,2026-09-27 20:55:20.619,1413.510,0,1,1
20260927_205330,48,走心,2026-09-27 20:55:20.623,2026-09-27 20:55:23.378,2755.177,0,1,1
20260927_205330,49,安慰,2026-09-27 20:55:23.381,2026-09-27 20:55:24.748,1366.753,0,1,1
20260927_205330,50,学姐,2026-09-27 20:55:24.751,2026-09-27 20:55:26.539,1788.500,0,1,1
20260927_205330,51,昂扬,2026-09-27 20:55:26.541,2026-09-27 20:55:29.014,2473.466,0,1,1
20260927_205330,52,大家,2026-09-27 20:55:29.017,2026-09-27 20:55:30.208,1191.013,0,1,1
20260927_205330,53,习惯,2026-09-27 20:55:30.211,2026-09-27 20:55:31.575,1364.318,0,1,1
20260927_205330,54,秋天,2026-09-27 20:55:31.579,2026-09-27 20:55:36.201,4621.594,0,1,1
20260927_205330,55,走心,2026-09-27 20:55:36.203,2026-09-27 20:55:38.555,2352.431,0,1,1
20260927_205330,56,到来,2026-09-27 20:55:38.559,2026-09-27 20:55:40.748,2189.600,0,1,1
20260927_205330,57,除非,2026-09-27 20:55:40.751,2026-09-27 20:55:42.823,2071.366,0,1,1
20260927_205330,58,上班,2026-09-27 20:55:42.826,2026-09-27 20:55:45.517,2691.490,0,1,1
20260927_205330,59,噩梦,2026-09-27 20:55:45.519,2026-09-27 20:55:48.980,3460.847,0,1,1
20260927_205330,60,中国,2026-09-27 20:55:48.982,2026-09-27 20:55:50.524,1541.908,0,1,1
20260927_205330,61,困了,2026-09-27 20:55:50.527,2026-09-27 20:55:51.804,1277.690,0,1,1
20260927_205330,62,人生,2026-09-27 20:55:51.808,2026-09-27 20:55:53.387,1579.675,0,1,1
20260927_205330,63,漂亮,2026-09-27 20:55:53.390,2026-09-27 20:55:54.806,1415.027,0,1,1
20260927_205330,64,女性,2026-09-27 20:55:54.808,2026-09-27 20:55:56.788,1979.654,0,1,1
20260927_205330,65,学姐,2026-09-27 20:55:56.792,2026-09-27 20:56:01.698,4906.314,0,1,1
20260927_205330,66,人生,2026-09-27 20:56:01.701,2026-09-27 20:56:03.424,1723.344,0,1,1
20260927_205330,67,到来,2026-09-27 20:56:03.427,2026-09-27 20:56:04.692,1265.001,0,1,1
20260927_205330,68,走心,2026-09-27 20:56:04.695,2026-09-27 20:56:06.779,2083.937,0,1,1
20260927_205330,69,女性,2026-09-27 20:56:06.782,2026-09-27 20:56:08.355,1573.328,0,1,1
20260927_205330,70,习惯,2026-09-27 20:56:08.357,2026-09-27 20:56:10.210,1852.562,0,1,1
20260927_205330,71,安慰,2026-09-27 20:56:10.213,2026-09-27 20:56:12.171,1957.529,0,1,1
20260927_205330,72,中国,2026-09-27 20:56:12.174,2026-09-27 20:56:14.779,2605.117,0,1,1
20260927_205330,73,噩梦,2026-09-27 20:56:14.781,2026-09-27 20:56:17.780,2999.146,0,1,1
20260927_205330,74,昂扬,2026-09-27 20:56:17.784,2026-09-27 20:56:26.917,9133.191,1,2,0
20260927_205330,75,漂亮,2026-09-27 20:56:26.920,2026-09-27 20:56:29.092,2171.276,0,1,1
20260927_205330,76,上班,2026-09-27 20:56:29.094,2026-09-27 20:56:47.805,18711.596,0,1,1
20260927_205330,77,大家,2026-09-27 20:56:47.808,2026-09-27 20:56:51.705,3897.439,0,1,1
20260927_205330,78,秋天,2026-09-27 20:56:51.709,2026-09-27 20:56:53.168,1458.983,0,1,1
20260927_205330,79,除非,2026-09-27 20:56:53.171,2026-09-27 20:56:54.468,1297.119,0,1,1
20260927_205330,80,困了,2026-09-27 20:56:54.470,2026-09-27 20:56:55.946,1475.620,0,1,1
20260927_205330,81,上班,2026-09-27 20:56:55.949,2026-09-27 20:56:58.357,2408.163,0,1,1
20260927_205330,82,昂扬,2026-09-27 20:56:58.361,2026-09-27 20:57:02.147,3786.097,0,1,1
20260927_205330,83,大家,2026-09-27 20:57:02.151,2026-09-27 20:57:03.318,1167.531,0,1,1
20260927_205330,84,人生,2026-09-27 20:57:03.321,2026-09-27 20:57:05.318,1997.280,0,1,1
20260927_205330,85,漂亮,2026-09-27 20:57:05.322,2026-09-27 20:57:06.553,1230.811,0,1,1
20260927_205330,86,噩梦,2026-09-27 20:57:06.556,2026-09-27 20:57:10.600,4044.352,0,1,1
20260927_205330,87,中国,2026-09-27 20:57:10.602,2026-09-27 20:57:12.037,1434.611,0,1,1
20260927_205330,88,安慰,2026-09-27 20:57:12.040,2026-09-27 20:57:13.958,1917.539,0,1,1
20260927_205330,89,女性,2026-09-27 20:57:13.962,2026-09-27 20:57:15.941,1979.078,0,1,1
20260927_205330,90,秋天,2026-09-27 20:57:15.945,2026-09-27 20:57:17.726,1780.970,0,1,1
20260927_205330,91,到来,2026-09-27 20:57:17.730,2026-09-27 20:57:20.456,2725.795,0,1,1
20260927_205330,92,走心,2026-09-27 20:57:20.458,2026-09-27 20:57:22.796,2337.566,0,1,1
20260927_205330,93,学姐,2026-09-27 20:57:22.799,2026-09-27 20:57:24.908,2108.362,0,1,1
20260927_205330,94,习惯,2026-09-27 20:57:24.909,2026-09-27 20:57:28.836,3927.226,0,1,1
20260927_205330,95,除非,2026-09-27 20:57:28.840,2026-09-27 20:57:30.322,1482.217,0,1,1
20260927_205330,96,困了,2026-09-27 20:57:30.324,2026-09-27 20:57:32.546,2222.525,0,1,1
20260927_205330,97,到来,2026-09-27 20:57:32.550,2026-09-27 20:57:34.002,1452.315,0,1,1
20260927_205330,98,秋天,2026-09-27 20:57:34.005,2026-09-27 20:57:35.489,1483.267,0,1,1
20260927_205330,99,中国,2026-09-27 20:57:35.491,2026-09-27 20:57:37.666,2175.324,0,1,1
20260927_205330,100,人生,2026-09-27 20:57:37.670,2026-09-27 20:57:39.646,1976.472,0,1,1
20260927_205330,101,习惯,2026-09-27 20:57:39.649,2026-09-27 20:57:41.110,1460.817,0,1,1
20260927_205330,102,上班,2026-09-27 20:57:41.113,2026-09-27 20:57:43.806,2693.309,0,1,1
20260927_205330,103,安慰,2026-09-27 20:57:43.810,2026-09-27 20:57:44.905,1095.552,0,1,1
20260927_205330,104,除非,2026-09-27 20:57:44.908,2026-09-27 20:57:46.247,1338.284,0,1,1
20260927_205330,105,女性,2026-09-27 20:57:46.250,2026-09-27 20:57:47.760,1510.120,0,1,1
20260927_205330,106,学姐,2026-09-27 20:57:47.763,2026-09-27 20:57:50.538,2774.956,0,1,1
20260927_205330,107,噩梦,2026-09-27 20:57:50.540,2026-09-27 20:57:53.417,2876.703,0,1,1
20260927_205330,108,困了,2026-09-27 20:57:53.419,2026-09-27 20:57:54.627,1207.761,0,1,1
20260927_205330,109,昂扬,2026-09-27 20:57:54.630,2026-09-27 20:58:01.599,6968.812,0,1,1
20260927_205330,110,走心,2026-09-27 20:58:01.601,2026-09-27 20:58:05.184,3583.245,0,1,1
20260927_205330,111,大家,2026-09-27 20:58:05.186,2026-09-27 20:58:06.557,1371.347,0,1,1
20260927_205330,112,漂亮,2026-09-27 20:58:06.561,2026-09-27 20:58:07.864,1303.029,0,1,1
20260927_205848,1,女性,2026-09-27 20:58:51.151,2026-09-27 20:58:51.151,0.100,0,1,1
20260927_205848,2,人生,2026-09-27 20:58:51.154,2026-09-27 20:58:52.905,1751.104,0,1,1
20260927_205848,3,除非,2026-09-27 20:58:52.907,2026-09-27 20:58:54.416,1509.742,0,1,1
20260927_205848,4,上班,2026-09-27 20:58:54.419,2026-09-27 20:58:58.572,4153.487,0,1,1
20260927_205848,5,困了,2026-09-27 20:58:58.576,2026-09-27 20:58:59.780,1203.947,0,1,1
20260927_205848,6,秋天,2026-09-27 20:58:59.781,2026-09-27 20:59:00.951,1169.619,0,1,1
20260927_205848,7,到来,2026-09-27 20:59:00.954,2026-09-27 20:59:02.569,1614.689,0,1,1
20260927_205848,8,习惯,2026-09-27 20:59:02.571,2026-09-27 20:59:03.852,1280.950,0,1,1
20260927_205848,9,漂亮,2026-09-27 20:59:03.854,2026-09-27 20:59:05.137,1282.780,0,1,1
20260927_205848,10,走心,2026-09-27 20:59:05.141,2026-09-27 20:59:08.253,3111.767,0,1,1
20260927_205848,11,学姐,2026-09-27 20:59:08.255,2026-09-27 20:59:09.829,1574.073,0,1,1
20260927_205848,12,中国,2026-09-27 20:59:09.831,2026-09-27 20:59:13.959,4128.475,0,1,1
20260927_205848,13,噩梦,2026-09-27 20:59:13.963,2026-09-27 20:59:16.108,2145.645,0,1,1
20260927_205848,14,安慰,2026-09-27 20:59:16.110,2026-09-27 20:59:17.527,1416.507,0,1,1
20260927_205848,15,大家,2026-09-27 20:59:17.529,2026-09-27 20:59:18.814,1284.968,0,1,1
20260927_205848,16,昂扬,2026-09-27 20:59:18.817,2026-09-27 20:59:20.430,1613.843,0,1,1
20260927_205848,17,噩梦,2026-09-27 20:59:20.432,2026-09-27 20:59:22.785,2352.278,0,1,1
20260927_205848,18,到来,2026-09-27 20:59:22.788,2026-09-27 20:59:24.362,1574.346,0,1,1
20260927_205848,19,人生,2026-09-27 20:59:24.366,2026-09-27 20:59:28.726,4359.623,0,1,1
20260927_205848,20,安慰,2026-09-27 20:59:28.727,2026-09-27 20:59:30.370,1642.792,0,1,1
20260927_205848,21,困了,2026-09-27 20:59:30.371,2026-09-27 20:59:31.654,1282.354,0,1,1
20260927_205848,22,大家,2026-09-27 20:59:31.657,2026-09-27 20:59:32.976,1319.168,0,1,1
20260927_205848,23,习惯,2026-09-27 20:59:32.979,2026-09-27 20:59:34.722,1743.499,0,1,1
20260927_205848,24,秋天,2026-09-27 20:59:34.725,2026-09-27 20:59:35.960,1235.479,0,1,1
20260927_205848,25,学姐,2026-09-27 20:59:35.963,2026-09-27 20:59:38.496,2532.530,0,1,1
20260927_205848,26,昂扬,2026-09-27 20:59:38.500,2026-09-27 20:59:40.411,1910.946,0,1,1
20260927_205848,27,中国,2026-09-27 20:59:40.414,2026-09-27 20:59:43.125,2711.775,0,1,1
20260927_205848,28,走心,2026-09-27 20:59:43.128,2026-09-27 20:59:45.554,2425.395,0,1,1
20260927_205848,29,女性,2026-09-27 20:59:45.557,2026-09-27 20:59:46.975,1418.033,0,1,1
20260927_205848,30,漂亮,2026-09-27 20:59:46.978,2026-09-27 20:59:48.211,1233.607,0,1,1
20260927_205848,31,除非,2026-09-27 20:59:48.214,2026-09-27 20:59:51.914,3700.409,0,1,1
20260927_205848,32,上班,2026-09-27 20:59:51.917,2026-09-27 20:59:54.619,2701.692,0,1,1
20260927_205848,33,女性,2026-09-27 20:59:54.622,2026-09-27 20:59:57.313,2690.865,0,1,1
20260927_205848,34,人生,2026-09-27 20:59:57.317,2026-09-27 20:59:59.431,2113.634,0,1,1
20260927_205848,35,昂扬,2026-09-27 20:59:59.433,2026-09-27 21:00:01.323,1889.855,0,1,1
20260927_205848,36,中国,2026-09-27 21:00:01.326,2026-09-27 21:00:03.192,1866.386,0,1,1
20260927_205848,37,走心,2026-09-27 21:00:03.195,2026-09-27 21:00:06.666,3470.505,0,1,1
20260927_205848,38,学姐,2026-09-27 21:00:06.668,2026-09-27 21:00:08.552,1883.389,0,1,1
20260927_205848,39,上班,2026-09-27 21:00:08.554,2026-09-27 21:00:11.787,3233.456,0,1,1
20260927_205848,40,习惯,2026-09-27 21:00:11.789,2026-09-27 21:00:13.140,1351.277,0,1,1
20260927_205848,41,到来,2026-09-27 21:00:13.142,2026-09-27 21:00:14.393,1250.544,0,1,1
20260927_205848,42,除非,2026-09-27 21:00:14.395,2026-09-27 21:00:16.380,1985.289,0,1,1
20260927_205848,43,安慰,2026-09-27 21:00:16.383,2026-09-27 21:00:17.526,1143.014,0,1,1
20260927_205848,44,困了,2026-09-27 21:00:17.530,2026-09-27 21:00:18.896,1366.164,0,1,1
20260927_205848,45,噩梦,2026-09-27 21:00:18.898,2026-09-27 21:00:21.434,2535.558,0,1,1
20260927_205848,46,秋天,2026-09-27 21:00:21.437,2026-09-27 21:00:22.937,1500.940,0,1,1
20260927_205848,47,大家,2026-09-27 21:00:22.941,2026-09-27 21:00:24.214,1272.711,0,1,1
20260927_205848,48,漂亮,2026-09-27 21:00:24.215,2026-09-27 21:00:25.364,1148.343,0,1,1
20260927_205848,49,昂扬,2026-09-27 21:00:25.367,2026-09-27 21:00:28.515,3148.151,0,1,1
20260927_205848,50,上班,2026-09-27 21:00:28.519,2026-09-27 21:00:31.095,2575.975,0,1,1
20260927_205848,51,大家,2026-09-27 21:00:31.097,2026-09-27 21:00:32.535,1437.882,0,1,1
20260927_205848,52,漂亮,2026-09-27 21:00:32.537,2026-09-27 21:00:33.687,1150.277,0,1,1
20260927_205848,53,中国,2026-09-27 21:00:33.690,2026-09-27 21:00:35.162,1471.520,0,1,1
20260927_205848,54,困了,2026-09-27 21:00:35.165,2026-09-27 21:00:36.599,1433.351,0,1,1
20260927_205848,55,习惯,2026-09-27 21:00:36.601,2026-09-27 21:00:37.930,1328.959,0,1,1
20260927_205848,56,女性,2026-09-27 21:00:37.932,2026-09-27 21:00:41.737,3805.584,0,1,1
20260927_205848,57,秋天,2026-09-27 21:00:41.739,2026-09-27 21:00:43.402,1662.958,0,1,1
20260927_205848,58,除非,2026-09-27 21:00:43.406,2026-09-27 21:00:45.348,1942.600,0,1,1
20260927_205848,59,到来,2026-09-27 21:00:45.352,2026-09-27 21:00:46.941,1589.877,0,1,1
20260927_205848,60,安慰,2026-09-27 21:00:46.945,2026-09-27 21:00:48.404,1458.934,0,1,1
20260927_205848,61,噩梦,2026-09-27 21:00:48.406,2026-09-27 21:00:52.407,4000.828,0,1,1
20260927_205848,62,走心,2026-09-27 21:00:52.409,2026-09-27 21:00:57.516,5106.652,0,1,1
20260927_205848,63,学姐,2026-09-27 21:00:57.517,2026-09-27 21:00:59.845,2327.966,0,1,1
20260927_205848,64,人生,2026-09-27 21:00:59.849,2026-09-27 21:01:01.577,1728.570,0,1,1
20260927_205848,65,秋天,2026-09-27 21:01:01.580,2026-09-27 21:01:02.946,1366.106,0,1,1
20260927_205848,66,上班,2026-09-27 21:01:02.949,2026-09-27 21:01:06.241,3292.171,0,1,1
20260927_205848,67,漂亮,2026-09-27 21:01:06.244,2026-09-27 21:01:07.478,1234.107,0,1,1
20260927_205848,68,人生,2026-09-27 21:01:07.481,2026-09-27 21:01:09.373,1892.006,0,1,1
20260927_205848,69,安慰,2026-09-27 21:01:09.376,2026-09-27 21:01:10.815,1439.794,0,1,1
20260927_205848,70,习惯,2026-09-27 21:01:10.818,2026-09-27 21:01:12.830,2011.478,0,1,1
20260927_205848,71,到来,2026-09-27 21:01:12.832,2026-09-27 21:01:14.476,1644.212,0,1,1
20260927_205848,72,昂扬,2026-09-27 21:01:14.480,2026-09-27 21:01:16.435,1955.014,0,1,1
20260927_205848,73,除非,2026-09-27 21:01:16.438,2026-09-27 21:01:18.057,1618.884,0,1,1
20260927_205848,74,学姐,2026-09-27 21:01:18.061,2026-09-27 21:01:20.033,1972.596,0,1,1
20260927_205848,75,大家,2026-09-27 21:01:20.036,2026-09-27 21:01:21.739,1702.670,0,1,1
20260927_205848,76,噩梦,2026-09-27 21:01:21.742,2026-09-27 21:01:24.376,2634.227,0,1,1
20260927_205848,77,女性,2026-09-27 21:01:24.379,2026-09-27 21:01:25.890,1510.755,0,1,1
20260927_205848,78,中国,2026-09-27 21:01:25.892,2026-09-27 21:01:27.667,1774.804,0,1,1
20260927_205848,79,困了,2026-09-27 21:01:27.670,2026-09-27 21:01:29.074,1404.710,0,1,1
20260927_205848,80,走心,2026-09-27 21:01:29.078,2026-09-27 21:01:31.912,2833.771,0,1,1
20260927_205848,81,到来,2026-09-27 21:01:31.914,2026-09-27 21:01:33.991,2077.115,0,1,1
20260927_205848,82,噩梦,2026-09-27 21:01:33.994,2026-09-27 21:01:36.534,2540.053,0,1,1
20260927_205848,83,习惯,2026-09-27 21:01:36.538,2026-09-27 21:01:38.387,1849.197,0,1,1
20260927_205848,84,女性,2026-09-27 21:01:38.390,2026-09-27 21:01:40.110,1720.029,0,1,1
20260927_205848,85,困了,2026-09-27 21:01:40.114,2026-09-27 21:01:41.462,1348.106,0,1,1
20260927_205848,86,安慰,2026-09-27 21:01:41.463,2026-09-27 21:01:43.387,1923.281,0,1,1
20260927_205848,87,昂扬,2026-09-27 21:01:43.389,2026-09-27 21:01:44.883,1493.406,0,1,1
20260927_205848,88,走心,2026-09-27 21:01:44.886,2026-09-27 21:01:46.787,1900.441,0,1,1
20260927_205848,89,中国,2026-09-27 21:01:46.789,2026-09-27 21:01:49.098,2309.827,0,1,1
20260927_205848,90,秋天,2026-09-27 21:01:49.102,2026-09-27 21:01:50.813,1710.391,0,1,1
20260927_205848,91,漂亮,2026-09-27 21:01:50.815,2026-09-27 21:01:52.302,1487.597,0,1,1
20260927_205848,92,学姐,2026-09-27 21:01:52.305,2026-09-27 21:01:54.521,2215.662,0,1,1
20260927_205848,93,上班,2026-09-27 21:01:54.524,2026-09-27 21:02:01.370,6845.985,0,1,1
20260927_205848,94,大家,2026-09-27 21:02:01.373,2026-09-27 21:02:02.878,1505.176,0,1,1
20260927_205848,95,除非,2026-09-27 21:02:02.881,2026-09-27 21:02:04.834,1952.363,0,1,1
20260927_205848,96,人生,2026-09-27 21:02:04.838,2026-09-27 21:02:06.824,1986.254,0,1,1
20260927_205848,97,安慰,2026-09-27 21:02:06.826,2026-09-27 21:02:08.047,1220.983,0,1,1
20260927_205848,98,学姐,2026-09-27 21:02:08.049,2026-09-27 21:02:09.905,1856.518,0,1,1
20260927_205848,99,习惯,2026-09-27 21:02:09.908,2026-09-27 21:02:12.375,2467.066,0,1,1
20260927_205848,100,女性,2026-09-27 21:02:12.377,2026-09-27 21:02:14.445,2068.103,0,1,1
20260927_205848,101,大家,2026-09-27 21:02:14.446,2026-09-27 21:02:15.662,1215.756,0,1,1
20260927_205848,102,除非,2026-09-27 21:02:15.665,2026-09-27 21:02:17.094,1428.606,0,1,1
20260927_205848,103,中国,2026-09-27 21:02:17.097,2026-09-27 21:02:19.270,2173.580,0,1,1
20260927_205848,104,走心,2026-09-27 21:02:19.274,2026-09-27 21:02:24.480,5206.556,0,1,1
20260927_205848,105,人生,2026-09-27 21:02:24.483,2026-09-27 21:02:26.817,2333.629,0,1,1
20260927_205848,106,秋天,2026-09-27 21:02:26.820,2026-09-27 21:02:28.281,1461.164,0,1,1
20260927_205848,107,漂亮,2026-09-27 21:02:28.284,2026-09-27 21:02:30.217,1932.763,0,1,1
20260927_205848,108,上班,2026-09-27 21:02:30.221,2026-09-27 21:02:33.463,3242.298,0,1,1
20260927_205848,109,噩梦,2026-09-27 21:02:33.466,2026-09-27 21:02:36.809,3343.017,0,1,1
20260927_205848,110,到来,2026-09-27 21:02:36.812,2026-09-27 21:02:38.625,1813.004,0,1,1
20260927_205848,111,昂扬,2026-09-27 21:02:38.626,2026-09-27 21:02:40.653,2026.795,0,1,1
20260927_205848,112,困了,2026-09-27 21:02:40.656,2026-09-27 21:02:42.154,1498.419,0,1,1
20260927_220339,1,走心,2026-09-27 22:03:42.740,2026-09-27 22:03:42.740,0.131,0,1,1
20260927_220339,2,到来,2026-09-27 22:03:42.741,2026-09-27 22:03:44.017,1275.883,0,1,1
20260927_220339,3,秋天,2026-09-27 22:03:44.020,2026-09-27 22:03:46.533,2512.570,0,1,1
20260927_220339,4,大家,2026-09-27 22:03:46.534,2026-09-27 22:03:48.157,1622.416,0,1,1
20260927_220339,5,习惯,2026-09-27 22:03:48.159,2026-09-27 22:03:51.495,3335.708,0,1,1
20260927_220339,6,困了,2026-09-27 22:03:51.498,2026-09-27 22:03:52.814,1315.811,0,1,1
20260927_220339,7,漂亮,2026-09-27 22:03:52.816,2026-09-27 22:03:54.192,1376.025,0,1,1
20260927_220339,8,中国,2026-09-27 22:03:54.193,2026-09-27 22:03:55.955,1761.513,0,1,1
20260927_220339,9,人生,2026-09-27 22:03:55.958,2026-09-27 22:03:57.624,1665.786,0,1,1
20260927_220339,10,昂扬,2026-09-27 22:03:57.628,2026-09-27 22:03:59.036,1408.613,0,1,1
20260927_220339,11,除非,2026-09-27 22:03:59.040,2026-09-27 22:04:01.087,2047.316,0,1,1
20260927_220339,12,上班,2026-09-27 22:04:01.089,2026-09-27 22:04:05.043,3953.654,0,1,1
20260927_220339,13,女性,2026-09-27 22:04:05.046,2026-09-27 22:04:06.932,1886.499,0,1,1
20260927_220339,14,学姐,2026-09-27 22:04:06.936,2026-09-27 22:04:09.544,2608.678,0,1,1
20260927_220339,15,安慰,2026-09-27 22:04:09.548,2026-09-27 22:04:10.875,1326.967,0,1,1
20260927_220339,16,噩梦,2026-09-27 22:04:10.878,2026-09-27 22:04:14.787,3908.019,0,1,1
20260927_220339,17,走心,2026-09-27 22:04:14.788,2026-09-27 22:04:19.244,4456.563,0,1,1
20260927_220339,18,习惯,2026-09-27 22:04:19.248,2026-09-27 22:04:20.748,1500.286,0,1,1
20260927_220339,19,到来,2026-09-27 22:04:20.751,2026-09-27 22:04:22.115,1363.747,0,1,1
20260927_220339,20,大家,2026-09-27 22:04:22.118,2026-09-27 22:04:23.170,1051.852,0,1,1
20260927_220339,21,上班,2026-09-27 22:04:23.173,2026-09-27 22:04:26.233,3059.890,0,1,1
20260927_220339,22,噩梦,2026-09-27 22:04:26.236,2026-09-27 22:04:28.749,2512.399,0,1,1
20260927_220339,23,女性,2026-09-27 22:04:28.752,2026-09-27 22:04:32.423,3670.499,0,1,1
20260927_220339,24,昂扬,2026-09-27 22:04:32.425,2026-09-27 22:04:33.898,1472.897,0,1,1
20260927_220339,25,困了,2026-09-27 22:04:33.900,2026-09-27 22:04:35.469,1568.965,0,1,1
20260927_220339,26,中国,2026-09-27 22:04:35.471,2026-09-27 22:04:36.997,1525.414,0,1,1
20260927_220339,27,漂亮,2026-09-27 22:04:36.998,2026-09-27 22:04:38.551,1552.093,0,1,1
20260927_220339,28,除非,2026-09-27 22:04:38.552,2026-09-27 22:04:40.352,1799.626,0,1,1
20260927_220339,29,秋天,2026-09-27 22:04:40.355,2026-09-27 22:04:41.767,1411.584,0,1,1
20260927_220339,30,学姐,2026-09-27 22:04:41.770,2026-09-27 22:04:43.616,1845.828,0,1,1
20260927_220339,31,安慰,2026-09-27 22:04:43.618,2026-09-27 22:04:45.223,1605.387,0,1,1
20260927_220339,32,人生,2026-09-27 22:04:45.225,2026-09-27 22:04:46.778,1553.496,0,1,1
20260927_220339,33,大家,2026-09-27 22:04:46.781,2026-09-27 22:04:48.083,1301.817,0,1,1
20260927_220339,34,学姐,2026-09-27 22:04:48.084,2026-09-27 22:04:50.184,2099.751,0,1,1
20260927_220339,35,走心,2026-09-27 22:04:50.188,2026-09-27 22:04:52.711,2523.874,0,1,1
20260927_220339,36,昂扬,2026-09-27 22:04:52.714,2026-09-27 22:04:54.649,1934.259,0,1,1
20260927_220339,37,女性,2026-09-27 22:04:54.652,2026-09-27 22:04:56.631,1979.314,0,1,1
20260927_220339,38,安慰,2026-09-27 22:04:56.634,2026-09-27 22:04:57.869,1235.299,0,1,1
20260927_220339,39,除非,2026-09-27 22:04:57.873,2026-09-27 22:04:59.148,1275.719,0,1,1
20260927_220339,40,人生,2026-09-27 22:04:59.152,2026-09-27 22:05:01.040,1888.286,0,1,1
20260927_220339,41,上班,2026-09-27 22:05:01.044,2026-09-27 22:05:03.293,2249.066,0,1,1
20260927_220339,42,到来,2026-09-27 22:05:03.296,2026-09-27 22:05:04.569,1273.156,0,1,1
20260927_220339,43,中国,2026-09-27 22:05:04.572,2026-09-27 22:05:06.183,1611.462,0,1,1
20260927_220339,44,漂亮,2026-09-27 22:05:06.185,2026-09-27 22:05:07.464,1279.054,0,1,1
20260927_220339,45,秋天,2026-09-27 22:05:07.467,2026-09-27 22:05:08.873,1406.744,0,1,1
20260927_220339,46,困了,2026-09-27 22:05:08.876,2026-09-27 22:05:10.402,1525.251,0,1,1
20260927_220339,47,习惯,2026-09-27 22:05:10.404,2026-09-27 22:05:11.747,1342.976,0,1,1
20260927_220339,48,噩梦,2026-09-27 22:05:11.748,2026-09-27 22:05:14.999,3250.368,0,1,1
20260927_220339,49,大家,2026-09-27 22:05:15.002,2026-09-27 22:05:16.921,1919.136,0,1,1
20260927_220339,50,昂扬,2026-09-27 22:05:16.924,2026-09-27 22:05:20.678,3753.948,0,1,1
20260927_220339,51,人生,2026-09-27 22:05:20.681,2026-09-27 22:05:22.164,1482.689,0,1,1
20260927_220339,52,困了,2026-09-27 22:05:22.165,2026-09-27 22:05:23.350,1185.072,0,1,1
20260927_220339,53,除非,2026-09-27 22:05:23.353,2026-09-27 22:05:25.227,1873.279,0,1,1
20260927_220339,54,女性,2026-09-27 22:05:25.230,2026-09-27 22:05:27.480,2249.962,0,1,1
20260927_220339,55,习惯,2026-09-27 22:05:27.484,2026-09-27 22:05:29.054,1570.316,0,1,1
20260927_220339,56,中国,2026-09-27 22:05:29.057,2026-09-27 22:05:32.005,2948.492,0,1,1
20260927_220339,57,走心,2026-09-27 22:05:32.009,2026-09-27 22:05:35.991,3981.772,0,1,1
20260927_220339,58,到来,2026-09-27 22:05:35.994,2026-09-27 22:05:37.557,1563.521,0,1,1
20260927_220339,59,秋天,2026-09-27 22:05:37.561,2026-09-27 22:05:38.935,1374.530,0,1,1
20260927_220339,60,漂亮,2026-09-27 22:05:38.937,2026-09-27 22:05:40.124,1186.976,0,1,1
20260927_220339,61,安慰,2026-09-27 22:05:40.127,2026-09-27 22:05:41.279,1151.773,0,1,1
20260927_220339,62,噩梦,2026-09-27 22:05:41.282,2026-09-27 22:05:43.254,1972.844,0,1,1
20260927_220339,63,学姐,2026-09-27 22:05:43.258,2026-09-27 22:05:45.173,1915.276,0,1,1
20260927_220339,64,上班,2026-09-27 22:05:45.177,2026-09-27 22:05:48.882,3705.455,0,1,1
20260927_220339,65,到来,2026-09-27 22:05:48.885,2026-09-27 22:05:50.133,1247.580,0,1,1
20260927_220339,66,人生,2026-09-27 22:05:50.135,2026-09-27 22:05:52.187,2051.617,0,1,1
20260927_220339,67,漂亮,2026-09-27 22:05:52.188,2026-09-27 22:05:53.445,1256.960,0,1,1
20260927_220339,68,困了,2026-09-27 22:05:53.448,2026-09-27 22:05:54.706,1257.659,0,1,1
20260927_220339,69,大家,2026-09-27 22:05:54.707,2026-09-27 22:05:56.429,1722.144,0,1,1
20260927_220339,70,习惯,2026-09-27 22:05:56.433,2026-09-27 22:05:58.343,1910.390,0,1,1
20260927_220339,71,中国,2026-09-27 22:05:58.347,2026-09-27 22:06:02.380,4032.710,0,1,1
20260927_220339,72,昂扬,2026-09-27 22:06:02.383,2026-09-27 22:06:06.654,4271.472,0,1,1
20260927_220339,73,女性,2026-09-27 22:06:06.657,2026-09-27 22:06:08.753,2096.400,0,1,1
20260927_220339,74,上班,2026-09-27 22:06:08.755,2026-09-27 22:06:12.939,4184.571,0,1,1
20260927_220339,75,安慰,2026-09-27 22:06:12.943,2026-09-27 22:06:14.264,1321.684,0,1,1
20260927_220339,76,学姐,2026-09-27 22:06:14.268,2026-09-27 22:06:16.236,1968.540,0,1,1
20260927_220339,77,噩梦,2026-09-27 22:06:16.240,2026-09-27 22:06:18.062,1822.845,0,1,1
20260927_220339,78,秋天,2026-09-27 22:06:18.066,2026-09-27 22:06:20.120,2054.150,0,1,1
20260927_220339,79,走心,2026-09-27 22:06:20.124,2026-09-27 22:06:21.647,1523.302,0,1,1
20260927_220339,80,除非,2026-09-27 22:06:21.649,2026-09-27 22:06:23.428,1779.317,0,1,1
20260927_220339,81,漂亮,2026-09-27 22:06:23.431,2026-09-27 22:06:24.685,1254.591,0,1,1
20260927_220339,82,走心,2026-09-27 22:06:24.688,2026-09-27 22:06:27.235,2547.452,0,1,1
20260927_220339,83,困了,2026-09-27 22:06:27.237,2026-09-27 22:06:28.901,1664.105,0,1,1
20260927_220339,84,女性,2026-09-27 22:06:28.905,2026-09-27 22:06:30.188,1283.154,0,1,1
20260927_220339,85,安慰,2026-09-27 22:06:30.191,2026-09-27 22:06:31.516,1324.417,0,1,1
20260927_220339,86,噩梦,2026-09-27 22:06:31.518,2026-09-27 22:06:33.093,1574.768,0,1,1
20260927_220339,87,人生,2026-09-27 22:06:33.096,2026-09-27 22:06:34.792,1695.580,0,1,1
20260927_220339,88,除非,2026-09-27 22:06:34.796,2026-09-27 22:06:36.903,2107.858,0,1,1
20260927_220339,89,上班,2026-09-27 22:06:36.905,2026-09-27 22:06:39.708,2803.387,0,1,1
20260927_220339,90,学姐,2026-09-27 22:06:39.711,2026-09-27 22:06:41.713,2002.110,0,1,1
20260927_220339,91,到来,2026-09-27 22:06:41.717,2026-09-27 22:06:42.945,1228.066,0,1,1
20260927_220339,92,习惯,2026-09-27 22:06:42.948,2026-09-27 22:06:45.216,2268.471,0,1,1
20260927_220339,93,中国,2026-09-27 22:06:45.219,2026-09-27 22:06:47.183,1963.420,0,1,1
20260927_220339,94,秋天,2026-09-27 22:06:47.186,2026-09-27 22:06:48.700,1514.455,0,1,1
20260927_220339,95,大家,2026-09-27 22:06:48.703,2026-09-27 22:06:49.961,1257.185,0,1,1
20260927_220339,96,昂扬,2026-09-27 22:06:49.963,2026-09-27 22:06:51.759,1796.128,0,1,1
20260927_220339,97,中国,2026-09-27 22:06:51.763,2026-09-27 22:06:53.311,1548.317,0,1,1
20260927_220339,98,习惯,2026-09-27 22:06:53.315,2026-09-27 22:06:55.076,1761.427,0,1,1
20260927_220339,99,秋天,2026-09-27 22:06:55.079,2026-09-27 22:06:56.439,1360.014,0,1,1
20260927_220339,100,大家,2026-09-27 22:06:56.441,2026-09-27 22:06:57.629,1188.232,0,1,1
20260927_220339,101,到来,2026-09-27 22:06:57.632,2026-09-27 22:07:01.474,3841.692,0,1,1
20260927_220339,102,学姐,2026-09-27 22:07:01.476,2026-09-27 22:07:02.776,1300.224,0,1,1
20260927_220339,103,漂亮,2026-09-27 22:07:02.779,2026-09-27 22:07:04.417,1638.515,0,1,1
20260927_220339,104,走心,2026-09-27 22:07:04.420,2026-09-27 22:07:08.348,3927.886,0,1,1
20260927_220339,105,安慰,2026-09-27 22:07:08.349,2026-09-27 22:07:10.077,1727.630,0,1,1
20260927_220339,106,除非,2026-09-27 22:07:10.079,2026-09-27 22:07:11.740,1661.137,0,1,1
20260927_220339,107,噩梦,2026-09-27 22:07:11.744,2026-09-27 22:07:14.146,2401.705,0,1,1
20260927_220339,108,困了,2026-09-27 22:07:14.149,2026-09-27 22:07:15.274,1125.233,0,1,1
20260927_220339,109,女性,2026-09-27 22:07:15.277,2026-09-27 22:07:16.586,1309.619,0,1,1
20260927_220339,110,上班,2026-09-27 22:07:16.591,2026-09-27 22:07:25.015,8424.211,0,1,1
20260927_220339,111,昂扬,2026-09-27 22:07:25.018,2026-09-27 22:07:27.777,2758.466,0,1,1
20260927_220339,112,人生,2026-09-27 22:07:27.779,2026-09-27 22:07:29.473,1693.992,0,1,1
20260927_220747,1,女性,2026-09-27 22:07:57.037,2026-09-27 22:07:57.037,0.082,0,1,1
20260927_220747,2,习惯,2026-09-27 22:07:57.040,2026-09-27 22:07:58.635,1595.183,0,1,1
20260927_220747,3,学姐,2026-09-27 22:07:58.638,2026-09-27 22:08:01.302,2663.637,0,1,1
20260927_220747,4,秋天,2026-09-27 22:08:01.305,2026-09-27 22:08:02.586,1281.692,0,1,1
20260927_220747,5,安慰,2026-09-27 22:08:02.589,2026-09-27 22:08:03.902,1312.392,0,1,1
20260927_220747,6,除非,2026-09-27 22:08:03.904,2026-09-27 22:08:05.323,1418.757,0,1,1
20260927_220747,7,到来,2026-09-27 22:08:05.325,2026-09-27 22:08:07.817,2492.515,0,1,1
20260927_220747,8,昂扬,2026-09-27 22:08:07.820,2026-09-27 22:08:09.415,1595.459,0,1,1
20260927_220747,9,大家,2026-09-27 22:08:09.418,2026-09-27 22:08:10.472,1054.787,0,1,1
20260927_220747,10,漂亮,2026-09-27 22:08:10.476,2026-09-27 22:08:11.573,1097.829,0,1,1
20260927_220747,11,走心,2026-09-27 22:08:11.575,2026-09-27 22:08:14.149,2574.354,0,1,1
20260927_220747,12,中国,2026-09-27 22:08:14.152,2026-09-27 22:08:16.000,1848.100,0,1,1
20260927_220747,13,上班,2026-09-27 22:08:16.004,2026-09-27 22:08:18.075,2071.646,0,1,1
20260927_220747,14,人生,2026-09-27 22:08:18.079,2026-09-27 22:08:20.352,2272.476,0,1,1
20260927_220747,15,困了,2026-09-27 22:08:20.354,2026-09-27 22:08:21.649,1295.582,0,1,1
20260927_220747,16,噩梦,2026-09-27 22:08:21.652,2026-09-27 22:08:23.956,2303.666,0,1,1
20260927_220747,17,学姐,2026-09-27 22:08:23.958,2026-09-27 22:08:25.917,1959.212,0,1,1
20260927_220747,18,大家,2026-09-27 22:08:25.919,2026-09-27 22:08:27.013,1094.555,0,1,1
20260927_220747,19,安慰,2026-09-27 22:08:27.017,2026-09-27 22:08:28.281,1264.460,0,1,1
20260927_220747,20,习惯,2026-09-27 22:08:28.285,2026-09-27 22:08:29.602,1316.829,0,1,1
20260927_220747,21,秋天,2026-09-27 22:08:29.605,2026-09-27 22:08:30.802,1197.801,0,1,1
20260927_220747,22,女性,2026-09-27 22:08:30.805,2026-09-27 22:08:33.228,2422.790,0,1,1
20260927_220747,23,到来,2026-09-27 22:08:33.230,2026-09-27 22:08:34.569,1339.206,0,1,1
20260927_220747,24,走心,2026-09-27 22:08:34.572,2026-09-27 22:08:36.262,1689.822,0,1,1
20260927_220747,25,漂亮,2026-09-27 22:08:36.266,2026-09-27 22:08:37.722,1456.241,0,1,1
20260927_220747,26,中国,2026-09-27 22:08:37.724,2026-09-27 22:08:39.473,1749.016,0,1,1
20260927_220747,27,上班,2026-09-27 22:08:39.475,2026-09-27 22:08:41.408,1932.988,0,1,1
20260927_220747,28,除非,2026-09-27 22:08:41.410,2026-09-27 22:08:43.011,1601.492,0,1,1
20260927_220747,29,人生,2026-09-27 22:08:43.013,2026-09-27 22:08:45.124,2110.952,0,1,1
20260927_220747,30,噩梦,2026-09-27 22:08:45.126,2026-09-27 22:08:47.262,2135.277,0,1,1
20260927_220747,31,困了,2026-09-27 22:08:47.263,2026-09-27 22:08:49.432,2168.620,0,1,1
20260927_220747,32,昂扬,2026-09-27 22:08:49.434,2026-09-27 22:08:51.647,2212.529,0,1,1
20260927_220747,33,女性,2026-09-27 22:08:51.650,2026-09-27 22:08:56.463,4812.851,0,1,1
20260927_220747,34,除非,2026-09-27 22:08:56.467,2026-09-27 22:08:57.867,1400.058,0,1,1
20260927_220747,35,秋天,2026-09-27 22:08:57.870,2026-09-27 22:08:59.774,1904.073,0,1,1
20260927_220747,36,到来,2026-09-27 22:08:59.776,2026-09-27 22:09:01.429,1653.203,0,1,1
20260927_220747,37,上班,2026-09-27 22:09:01.431,2026-09-27 22:09:05.738,4307.106,0,1,1
20260927_220747,38,昂扬,2026-09-27 22:09:05.742,2026-09-27 22:09:07.676,1933.785,0,1,1
20260927_220747,39,漂亮,2026-09-27 22:09:07.678,2026-09-27 22:09:09.117,1439.113,0,1,1
20260927_220747,40,中国,2026-09-27 22:09:09.119,2026-09-27 22:09:10.644,1524.656,0,1,1
20260927_220747,41,人生,2026-09-27 22:09:10.645,2026-09-27 22:09:12.586,1941.697,0,1,1
20260927_220747,42,走心,2026-09-27 22:09:12.590,2026-09-27 22:09:14.823,2233.002,0,1,1
20260927_220747,43,困了,2026-09-27 22:09:14.824,2026-09-27 22:09:16.066,1241.921,0,1,1
20260927_220747,44,噩梦,2026-09-27 22:09:16.069,2026-09-27 22:09:17.929,1860.795,0,1,1
20260927_220747,45,学姐,2026-09-27 22:09:17.933,2026-09-27 22:09:19.663,1730.704,0,1,1
20260927_220747,46,习惯,2026-09-27 22:09:19.666,2026-09-27 22:09:21.533,1867.019,0,1,1
20260927_220747,47,安慰,2026-09-27 22:09:21.535,2026-09-27 22:09:22.685,1150.584,0,1,1
20260927_220747,48,大家,2026-09-27 22:09:22.689,2026-09-27 22:09:25.473,2784.536,0,1,1
20260927_220747,49,漂亮,2026-09-27 22:09:25.477,2026-09-27 22:09:26.552,1075.555,0,1,1
20260927_220747,50,安慰,2026-09-27 22:09:26.556,2026-09-27 22:09:27.702,1145.908,0,1,1
20260927_220747,51,人生,2026-09-27 22:09:27.705,2026-09-27 22:09:29.053,1348.294,0,1,1
20260927_220747,52,上班,2026-09-27 22:09:29.055,2026-09-27 22:09:31.961,2906.010,0,1,1
20260927_220747,53,噩梦,2026-09-27 22:09:31.965,2026-09-27 22:09:34.477,2511.643,0,1,1
20260927_220747,54,大家,2026-09-27 22:09:34.478,2026-09-27 22:09:36.294,1816.178,0,1,1
20260927_220747,55,困了,2026-09-27 22:09:36.297,2026-09-27 22:09:38.349,2052.334,0,1,1
20260927_220747,56,中国,2026-09-27 22:09:38.352,2026-09-27 22:09:40.324,1971.969,0,1,1
20260927_220747,57,习惯,2026-09-27 22:09:40.328,2026-09-27 22:09:42.075,1746.887,0,1,1
20260927_220747,58,除非,2026-09-27 22:09:42.078,2026-09-27 22:09:43.514,1436.612,0,1,1
20260927_220747,59,秋天,2026-09-27 22:09:43.518,2026-09-27 22:09:44.747,1229.247,0,1,1
20260927_220747,60,女性,2026-09-27 22:09:44.750,2026-09-27 22:09:46.234,1484.670,0,1,1
20260927_220747,61,昂扬,2026-09-27 22:09:46.237,2026-09-27 22:09:48.119,1881.369,0,1,1
20260927_220747,62,学姐,2026-09-27 22:09:48.121,2026-09-27 22:09:50.567,2446.813,0,1,1
20260927_220747,63,走心,2026-09-27 22:09:50.569,2026-09-27 22:09:51.848,1278.912,0,1,1
20260927_220747,64,到来,2026-09-27 22:09:51.851,2026-09-27 22:09:53.898,2047.895,0,1,1
20260927_220747,65,女性,2026-09-27 22:09:53.901,2026-09-27 22:09:57.425,3524.788,0,1,1
20260927_220747,66,困了,2026-09-27 22:09:57.429,2026-09-27 22:09:58.796,1366.308,0,1,1
20260927_220747,67,走心,2026-09-27 22:09:58.798,2026-09-27 22:10:02.465,3667.083,0,1,1
20260927_220747,68,学姐,2026-09-27 22:10:02.467,2026-09-27 22:10:05.777,3310.438,0,1,1
20260927_220747,69,习惯,2026-09-27 22:10:05.780,2026-09-27 22:10:07.600,1820.249,0,1,1
20260927_220747,70,噩梦,2026-09-27 22:10:07.604,2026-09-27 22:10:09.913,2309.347,0,1,1
20260927_220747,71,除非,2026-09-27 22:10:09.915,2026-09-27 22:10:11.446,1531.509,0,1,1
20260927_220747,72,上班,2026-09-27 22:10:11.448,2026-09-27 22:10:13.606,2157.331,0,1,1
20260927_220747,73,大家,2026-09-27 22:10:13.608,2026-09-27 22:10:14.666,1058.048,0,1,1
20260927_220747,74,漂亮,2026-09-27 22:10:14.668,2026-09-27 22:10:15.903,1235.075,0,1,1
20260927_220747,75,人生,2026-09-27 22:10:15.905,2026-09-27 22:10:17.549,1643.902,0,1,1
20260927_220747,76,昂扬,2026-09-27 22:10:17.551,2026-09-27 22:10:19.089,1537.578,0,1,1
20260927_220747,77,安慰,2026-09-27 22:10:19.092,2026-09-27 22:10:20.394,1302.498,0,1,1
20260927_220747,78,秋天,2026-09-27 22:10:20.397,2026-09-27 22:10:21.630,1232.840,0,1,1
20260927_220747,79,中国,2026-09-27 22:10:21.632,2026-09-27 22:10:23.771,2138.868,0,1,1
20260927_220747,80,到来,2026-09-27 22:10:23.774,2026-09-27 22:10:25.183,1408.686,0,1,1
20260927_220747,81,女性,2026-09-27 22:10:25.186,2026-09-27 22:10:26.715,1529.503,0,1,1
20260927_220747,82,中国,2026-09-27 22:10:26.718,2026-09-27 22:10:28.575,1856.801,0,1,1
20260927_220747,83,安慰,2026-09-27 22:10:28.578,2026-09-27 22:10:30.021,1442.640,0,1,1
20260927_220747,84,噩梦,2026-09-27 22:10:30.023,2026-09-27 22:10:32.132,2108.886,0,1,1
20260927_220747,85,秋天,2026-09-27 22:10:32.134,2026-09-27 22:10:33.460,1325.700,0,1,1
20260927_220747,86,到来,2026-09-27 22:10:33.463,2026-09-27 22:10:36.218,2754.607,0,1,1
20260927_220747,87,困了,2026-09-27 22:10:36.220,2026-09-27 22:10:38.444,2223.286,0,1,1
20260927_220747,88,习惯,2026-09-27 22:10:38.446,2026-09-27 22:10:39.998,1552.607,0,1,1
20260927_220747,89,除非,2026-09-27 22:10:40.001,2026-09-27 22:10:41.709,1707.738,0,1,1
20260927_220747,90,漂亮,2026-09-27 22:10:41.712,2026-09-27 22:10:44.639,2927.523,0,1,1
20260927_220747,91,学姐,2026-09-27 22:10:44.642,2026-09-27 22:10:46.727,2085.334,0,1,1
20260927_220747,92,昂扬,2026-09-27 22:10:46.729,2026-09-27 22:10:49.033,2304.302,0,1,1
20260927_220747,93,走心,2026-09-27 22:10:49.036,2026-09-27 22:10:50.609,1573.024,0,1,1
20260927_220747,94,人生,2026-09-27 22:10:50.612,2026-09-27 22:10:52.591,1979.374,0,1,1
20260927_220747,95,大家,2026-09-27 22:10:52.595,2026-09-27 22:10:54.690,2095.069,0,1,1
20260927_220747,96,上班,2026-09-27 22:10:54.693,2026-09-27 22:10:57.446,2752.856,0,1,1
20260927_220747,97,人生,2026-09-27 22:10:57.448,2026-09-27 22:10:59.273,1825.212,0,1,1
20260927_220747,98,秋天,2026-09-27 22:10:59.276,2026-09-27 22:11:00.882,1605.692,0,1,1
20260927_220747,99,除非,2026-09-27 22:11:00.884,2026-09-27 22:11:02.527,1642.673,0,1,1
20260927_220747,100,安慰,2026-09-27 22:11:02.529,2026-09-27 22:11:04.788,2258.294,0,1,1
20260927_220747,101,噩梦,2026-09-27 22:11:04.791,2026-09-27 22:11:06.909,2117.742,0,1,1
20260927_220747,102,女性,2026-09-27 22:11:06.912,2026-09-27 22:11:08.349,1437.155,0,1,1
20260927_220747,103,上班,2026-09-27 22:11:08.350,2026-09-27 22:11:10.603,2252.694,0,1,1
20260927_220747,104,到来,2026-09-27 22:11:10.606,2026-09-27 22:11:12.374,1768.282,0,1,1
20260927_220747,105,昂扬,2026-09-27 22:11:12.377,2026-09-27 22:11:13.928,1551.173,0,1,1
20260927_220747,106,中国,2026-09-27 22:11:13.930,2026-09-27 22:11:15.915,1984.413,0,1,1
20260927_220747,107,漂亮,2026-09-27 22:11:15.918,2026-09-27 22:11:17.079,1160.616,0,1,1
20260927_220747,108,困了,2026-09-27 22:11:17.082,2026-09-27 22:11:18.424,1342.306,0,1,1
20260927_220747,109,习惯,2026-09-27 22:11:18.426,2026-09-27 22:11:19.750,1324.408,0,1,1
20260927_220747,110,学姐,2026-09-27 22:11:19.752,2026-09-27 22:11:22.394,2642.161,0,1,1
20260927_220747,111,大家,2026-09-27 22:11:22.397,2026-09-27 22:11:23.727,1330.028,0,1,1
20260927_220747,112,走心,2026-09-27 22:11:23.730,2026-09-27 22:11:25.598,1868.090,0,1,1
20260927_221138,1,中国,2026-09-27 22:11:41.879,2026-09-27 22:11:41.879,0.058,0,1,1
20260927_221138,2,习惯,2026-09-27 22:11:41.881,2026-09-27 22:11:43.498,1617.485,0,1,1
20260927_221138,3,上班,2026-09-27 22:11:43.502,2026-09-27 22:11:48.759,5256.734,0,1,1
20260927_221138,4,困了,2026-09-27 22:11:48.762,2026-09-27 22:11:49.996,1233.686,0,1,1
20260927_221138,5,除非,2026-09-27 22:11:49.998,2026-09-27 22:11:51.377,1379.864,0,1,1
20260927_221138,6,学姐,2026-09-27 22:11:51.379,2026-09-27 22:11:52.989,1609.715,0,1,1
20260927_221138,7,女性,2026-09-27 22:11:52.991,2026-09-27 22:11:55.738,2747.801,0,1,1
20260927_221138,8,秋天,2026-09-27 22:11:55.742,2026-09-27 22:11:57.358,1616.305,0,1,1
20260927_221138,9,漂亮,2026-09-27 22:11:57.361,2026-09-27 22:11:58.730,1369.234,0,1,1
20260927_221138,10,人生,2026-09-27 22:11:58.733,2026-09-27 22:12:00.215,1481.938,0,1,1
20260927_221138,11,到来,2026-09-27 22:12:00.218,2026-09-27 22:12:01.765,1547.238,0,1,1
20260927_221138,12,安慰,2026-09-27 22:12:01.768,2026-09-27 22:12:03.603,1835.401,0,1,1
20260927_221138,13,昂扬,2026-09-27 22:12:03.605,2026-09-27 22:12:05.207,1602.000,0,1,1
20260927_221138,14,噩梦,2026-09-27 22:12:05.209,2026-09-27 22:12:06.828,1619.139,0,1,1
20260927_221138,15,走心,2026-09-27 22:12:06.831,2026-09-27 22:12:08.465,1634.459,0,1,1
20260927_221138,16,大家,2026-09-27 22:12:08.468,2026-09-27 22:12:10.195,1726.642,0,1,1
20260927_221138,17,习惯,2026-09-27 22:12:10.198,2026-09-27 22:12:11.993,1795.655,0,1,1
20260927_221138,18,人生,2026-09-27 22:12:11.996,2026-09-27 22:12:13.728,1731.899,0,1,1
20260927_221138,19,漂亮,2026-09-27 22:12:13.731,2026-09-27 22:12:14.783,1051.810,0,1,1
20260927_221138,20,女性,2026-09-27 22:12:14.784,2026-09-27 22:12:16.027,1242.567,0,1,1
20260927_221138,21,除非,2026-09-27 22:12:16.030,2026-09-27 22:12:17.374,1344.681,0,1,1
20260927_221138,22,上班,2026-09-27 22:12:17.378,2026-09-27 22:12:19.647,2268.913,0,1,1
20260927_221138,23,昂扬,2026-09-27 22:12:19.649,2026-09-27 22:12:23.106,3457.536,0,1,1
20260927_221138,24,中国,2026-09-27 22:12:23.110,2026-09-27 22:12:24.586,1476.111,0,1,1
20260927_221138,25,秋天,2026-09-27 22:12:24.588,2026-09-27 22:12:25.953,1365.434,0,1,1
20260927_221138,26,到来,2026-09-27 22:12:25.957,2026-09-27 22:12:27.277,1320.150,0,1,1
20260927_221138,27,大家,2026-09-27 22:12:27.279,2026-09-27 22:12:28.518,1238.798,0,1,1
20260927_221138,28,走心,2026-09-27 22:12:28.521,2026-09-27 22:12:29.855,1334.029,0,1,1
20260927_221138,29,学姐,2026-09-27 22:12:29.858,2026-09-27 22:12:32.300,2441.805,0,1,1
20260927_221138,30,困了,2026-09-27 22:12:32.301,2026-09-27 22:12:33.622,1320.638,0,1,1
20260927_221138,31,安慰,2026-09-27 22:12:33.624,2026-09-27 22:12:34.824,1200.163,0,1,1
20260927_221138,32,噩梦,2026-09-27 22:12:34.826,2026-09-27 22:12:36.110,1283.124,0,1,1
20260927_221138,33,中国,2026-09-27 22:12:36.112,2026-09-27 22:12:38.929,2817.616,0,1,1
20260927_221138,34,到来,2026-09-27 22:12:38.933,2026-09-27 22:12:42.498,3565.205,0,1,1
20260927_221138,35,秋天,2026-09-27 22:12:42.501,2026-09-27 22:12:43.798,1296.999,0,1,1
20260927_221138,36,噩梦,2026-09-27 22:12:43.802,2026-09-27 22:12:45.247,1445.637,0,1,1
20260927_221138,37,走心,2026-09-27 22:12:45.251,2026-09-27 22:12:46.565,1313.988,0,1,1
20260927_221138,38,安慰,2026-09-27 22:12:46.568,2026-09-27 22:12:47.784,1216.490,0,1,1
20260927_221138,39,习惯,2026-09-27 22:12:47.786,2026-09-27 22:12:49.686,1899.890,0,1,1
20260927_221138,40,漂亮,2026-09-27 22:12:49.689,2026-09-27 22:12:52.078,2389.728,0,1,1
20260927_221138,41,困了,2026-09-27 22:12:52.082,2026-09-27 22:12:53.634,1552.524,0,1,1
20260927_221138,42,人生,2026-09-27 22:12:53.638,2026-09-27 22:12:56.447,2808.964,0,1,1
20260927_221138,43,学姐,2026-09-27 22:12:56.450,2026-09-27 22:12:58.421,1971.555,0,1,1
20260927_221138,44,上班,2026-09-27 22:12:58.424,2026-09-27 22:13:01.637,3213.489,0,1,1
20260927_221138,45,女性,2026-09-27 22:13:01.640,2026-09-27 22:13:03.420,1780.232,0,1,1
20260927_221138,46,除非,2026-09-27 22:13:03.424,2026-09-27 22:13:04.840,1416.427,0,1,1
20260927_221138,47,大家,2026-09-27 22:13:04.844,2026-09-27 22:13:05.916,1071.575,0,1,1
20260927_221138,48,昂扬,2026-09-27 22:13:05.919,2026-09-27 22:13:09.427,3508.399,0,1,1
20260927_221138,49,女性,2026-09-27 22:13:09.429,2026-09-27 22:13:10.844,1414.160,0,1,1
20260927_221138,50,安慰,2026-09-27 22:13:10.845,2026-09-27 22:13:12.174,1328.439,0,1,1
20260927_221138,51,昂扬,2026-09-27 22:13:12.177,2026-09-27 22:13:13.569,1392.726,0,1,1
20260927_221138,52,秋天,2026-09-27 22:13:13.573,2026-09-27 22:13:15.935,2362.088,0,1,1
20260927_221138,53,漂亮,2026-09-27 22:13:15.938,2026-09-27 22:13:17.287,1348.559,0,1,1
20260927_221138,54,困了,2026-09-27 22:13:17.290,2026-09-27 22:13:19.213,1923.474,0,1,1
20260927_221138,55,习惯,2026-09-27 22:13:19.215,2026-09-27 22:13:20.852,1636.775,0,1,1
20260927_221138,56,噩梦,2026-09-27 22:13:20.855,2026-09-27 22:13:23.798,2943.514,0,1,1
20260927_221138,57,除非,2026-09-27 22:13:23.802,2026-09-27 22:13:25.193,1391.248,0,1,1
20260927_221138,58,中国,2026-09-27 22:13:25.195,2026-09-27 22:13:26.785,1589.607,0,1,1
20260927_221138,59,人生,2026-09-27 22:13:26.787,2026-09-27 22:13:37.154,10366.237,0,1,1
20260927_221138,60,上班,2026-09-27 22:13:37.155,2026-09-27 22:13:42.827,5671.348,0,1,1
20260927_221138,61,学姐,2026-09-27 22:13:42.828,2026-09-27 22:13:44.372,1543.050,0,1,1
20260927_221138,62,走心,2026-09-27 22:13:44.374,2026-09-27 22:13:47.416,3042.208,0,1,1
20260927_221138,63,大家,2026-09-27 22:13:47.419,2026-09-27 22:13:48.614,1195.281,0,1,1
20260927_221138,64,到来,2026-09-27 22:13:48.616,2026-09-27 22:13:50.574,1958.029,0,1,1
20260927_221138,65,学姐,2026-09-27 22:13:50.577,2026-09-27 22:13:52.376,1798.978,0,1,1
20260927_221138,66,噩梦,2026-09-27 22:13:52.379,2026-09-27 22:13:54.307,1928.119,0,1,1
20260927_221138,67,漂亮,2026-09-27 22:13:54.311,2026-09-27 22:13:55.366,1054.960,0,1,1
20260927_221138,68,到来,2026-09-27 22:13:55.370,2026-09-27 22:13:57.110,1740.788,0,1,1
20260927_221138,69,困了,2026-09-27 22:13:57.113,2026-09-27 22:13:59.004,1891.185,0,1,1
20260927_221138,70,昂扬,2026-09-27 22:13:59.005,2026-09-27 22:14:02.125,3119.397,0,1,1
20260927_221138,71,女性,2026-09-27 22:14:02.129,2026-09-27 22:14:03.838,1709.739,0,1,1
20260927_221138,72,习惯,2026-09-27 22:14:03.842,2026-09-27 22:14:05.096,1254.746,0,1,1
20260927_221138,73,安慰,2026-09-27 22:14:05.099,2026-09-27 22:14:06.152,1053.089,0,1,1
20260927_221138,74,人生,2026-09-27 22:14:06.156,2026-09-27 22:14:07.642,1485.527,0,1,1
20260927_221138,75,秋天,2026-09-27 22:14:07.645,2026-09-27 22:14:08.985,1340.241,0,1,1
20260927_221138,76,中国,2026-09-27 22:14:08.989,2026-09-27 22:14:11.415,2426.620,0,1,1
20260927_221138,77,上班,2026-09-27 22:14:11.419,2026-09-27 22:14:14.328,2909.277,0,1,1
20260927_221138,78,走心,2026-09-27 22:14:14.332,2026-09-27 22:14:15.923,1590.857,0,1,1
20260927_221138,79,大家,2026-09-27 22:14:15.925,2026-09-27 22:14:17.205,1280.007,0,1,1
20260927_221138,80,除非,2026-09-27 22:14:17.209,2026-09-27 22:14:18.666,1457.471,0,1,1
20260927_221138,81,安慰,2026-09-27 22:14:18.668,2026-09-27 22:14:19.721,1052.646,0,1,1
20260927_221138,82,到来,2026-09-27 22:14:19.722,2026-09-27 22:14:20.936,1213.909,0,1,1
20260927_221138,83,昂扬,2026-09-27 22:14:20.939,2026-09-27 22:14:22.376,1436.754,0,1,1
20260927_221138,84,女性,2026-09-27 22:14:22.379,2026-09-27 22:14:25.492,3113.673,0,1,1
20260927_221138,85,漂亮,2026-09-27 22:14:25.495,2026-09-27 22:14:26.547,1051.705,0,1,1
20260927_221138,86,走心,2026-09-27 22:14:26.548,2026-09-27 22:14:29.191,2642.563,0,1,1
20260927_221138,87,除非,2026-09-27 22:14:29.194,2026-09-27 22:14:31.109,1914.859,0,1,1
20260927_221138,88,大家,2026-09-27 22:14:31.111,2026-09-27 22:14:32.168,1057.472,0,1,1
20260927_221138,89,习惯,2026-09-27 22:14:32.170,2026-09-27 22:14:33.676,1505.386,0,1,1
20260927_221138,90,困了,2026-09-27 22:14:33.677,2026-09-27 22:14:34.933,1256.149,0,1,1
20260927_221138,91,秋天,2026-09-27 22:14:34.937,2026-09-27 22:14:36.241,1304.822,0,1,1
20260927_221138,92,上班,2026-09-27 22:14:36.244,2026-09-27 22:14:38.401,2157.477,0,1,1
20260927_221138,93,噩梦,2026-09-27 22:14:38.404,2026-09-27 22:14:40.643,2239.268,0,1,1
20260927_221138,94,学姐,2026-09-27 22:14:40.647,2026-09-27 22:14:42.980,2332.994,0,1,1
20260927_221138,95,人生,2026-09-27 22:14:42.985,2026-09-27 22:14:44.372,1387.107,0,1,1
20260927_221138,96,中国,2026-09-27 22:14:44.376,2026-09-27 22:14:46.325,1949.462,0,1,1
20260927_221138,97,到来,2026-09-27 22:14:46.328,2026-09-27 22:14:47.656,1328.729,0,1,1
20260927_221138,98,上班,2026-09-27 22:14:47.659,2026-09-27 22:14:49.412,1753.236,0,1,1
20260927_221138,99,秋天,2026-09-27 22:14:49.415,2026-09-27 22:14:50.854,1438.950,0,1,1
20260927_221138,100,除非,2026-09-27 22:14:50.857,2026-09-27 22:14:52.182,1324.136,0,1,1
20260927_221138,101,女性,2026-09-27 22:14:52.185,2026-09-27 22:14:53.540,1354.699,0,1,1
20260927_221138,102,大家,2026-09-27 22:14:53.543,2026-09-27 22:14:54.910,1367.411,0,1,1
20260927_221138,103,昂扬,2026-09-27 22:14:54.914,2026-09-27 22:14:56.390,1475.584,0,1,1
20260927_221138,104,安慰,2026-09-27 22:14:56.392,2026-09-27 22:14:57.722,1330.390,0,1,1
20260927_221138,105,走心,2026-09-27 22:14:57.725,2026-09-27 22:14:59.481,1755.728,0,1,1
20260927_221138,106,噩梦,2026-09-27 22:14:59.484,2026-09-27 22:15:00.722,1237.684,0,1,1
20260927_221138,107,困了,2026-09-27 22:15:00.724,2026-09-27 22:15:01.998,1273.825,0,1,1
20260927_221138,108,人生,2026-09-27 22:15:02.002,2026-09-27 22:15:03.961,1959.058,0,1,1
20260927_221138,109,中国,2026-09-27 22:15:03.964,2026-09-27 22:15:07.144,3180.539,0,1,1
20260927_221138,110,学姐,2026-09-27 22:15:07.147,2026-09-27 22:15:08.648,1501.215,0,1,1
20260927_221138,111,漂亮,2026-09-27 22:15:08.651,2026-09-27 22:15:09.862,1211.198,0,1,1
20260927_221138,112,习惯,2026-09-27 22:15:09.865,2026-09-27 22:15:14.444,4578.918,0,1,1
20260927_221601,1,大家,2026-09-27 22:16:03.053,2026-09-27 22:16:03.053,0.105,0,1,1
20260927_221601,2,大家,2026-09-27 22:16:03.057,2026-09-27 22:16:03.815,757.883,0,1,1
20260927_221601,3,大家,2026-09-27 22:16:03.816,2026-09-27 22:16:04.672,856.766,0,1,1
20260927_221601,4,大家,2026-09-27 22:16:04.676,2026-09-27 22:16:05.549,872.968,0,1,1
20260927_221601,5,大家,2026-09-27 22:16:05.551,2026-09-27 22:16:06.268,717.754,0,1,1
20260927_221601,6,大家,2026-09-27 22:16:06.271,2026-09-27 22:16:07.006,734.779,0,1,1
20260927_221601,7,大家,2026-09-27 22:16:07.009,2026-09-27 22:16:07.748,738.835,0,1,1
20260927_221601,8,走心,2026-09-27 22:16:07.750,2026-09-27 22:16:09.419,1669.070,0,1,1
20260927_221601,9,走心,2026-09-27 22:16:09.423,2026-09-27 22:16:13.872,4449.706,0,1,1
20260927_221601,10,走心,2026-09-27 22:16:13.875,2026-09-27 22:16:14.997,1121.749,0,1,1
20260927_221601,11,走心,2026-09-27 22:16:15.000,2026-09-27 22:16:16.191,1191.274,0,1,1
20260927_221601,12,走心,2026-09-27 22:16:16.194,2026-09-27 22:16:17.178,984.185,0,1,1
20260927_221601,13,走心,2026-09-27 22:16:17.181,2026-09-27 22:16:18.327,1146.068,0,1,1
20260927_221601,14,走心,2026-09-27 22:16:18.330,2026-09-27 22:16:19.341,1010.930,0,1,1
20260927_221601,15,漂亮,2026-09-27 22:16:19.344,2026-09-27 22:16:21.011,1666.030,0,1,1
20260927_221601,16,漂亮,2026-09-27 22:16:21.014,2026-09-27 22:16:23.032,2018.451,0,1,1
20260927_221601,17,漂亮,2026-09-27 22:16:23.035,2026-09-27 22:16:23.975,939.441,0,1,1
20260927_221601,18,漂亮,2026-09-27 22:16:23.977,2026-09-27 22:16:25.124,1147.354,0,1,1
20260927_221601,19,漂亮,2026-09-27 22:16:25.126,2026-09-27 22:16:26.133,1007.365,0,1,1
20260927_221601,20,漂亮,2026-09-27 22:16:26.136,2026-09-27 22:16:27.265,1129.453,0,1,1
20260927_221601,21,漂亮,2026-09-27 22:16:27.267,2026-09-27 22:16:28.575,1308.176,0,1,1
20260927_221601,22,女性,2026-09-27 22:16:28.578,2026-09-27 22:16:30.194,1616.591,0,1,1
20260927_221601,23,女性,2026-09-27 22:16:30.197,2026-09-27 22:16:31.477,1279.789,0,1,1
20260927_221601,24,女性,2026-09-27 22:16:31.480,2026-09-27 22:16:32.286,806.456,0,1,1
20260927_221601,25,女性,2026-09-27 22:16:32.290,2026-09-27 22:16:34.067,1777.009,0,1,1
20260927_221601,26,女性,2026-09-27 22:16:34.070,2026-09-27 22:16:35.193,1123.016,0,1,1
20260927_221601,27,女性,2026-09-27 22:16:35.197,2026-09-27 22:16:36.090,893.386,0,1,1
20260927_221601,28,女性,2026-09-27 22:16:36.092,2026-09-27 22:16:36.920,827.856,0,1,1
20260927_221601,29,人生,2026-09-27 22:16:36.924,2026-09-27 22:16:38.369,1444.924,0,1,1
20260927_221601,30,人生,2026-09-27 22:16:38.373,2026-09-27 22:16:39.517,1144.693,0,1,1
20260927_221601,31,人生,2026-09-27 22:16:39.521,2026-09-27 22:16:41.702,2181.639,0,1,1
20260927_221601,32,人生,2026-09-27 22:16:41.706,2026-09-27 22:16:43.079,1372.094,0,1,1
20260927_221601,33,人生,2026-09-27 22:16:43.082,2026-09-27 22:16:44.791,1708.767,0,1,1
20260927_221601,34,人生,2026-09-27 22:16:44.793,2026-09-27 22:16:45.913,1119.679,0,1,1
20260927_221601,35,人生,2026-09-27 22:16:45.916,2026-09-27 22:16:47.221,1305.767,0,1,1
20260927_221601,36,上班,2026-09-27 22:16:47.225,2026-09-27 22:16:50.090,2865.316,0,1,1
20260927_221601,37,上班,2026-09-27 22:16:50.094,2026-09-27 22:16:51.372,1277.817,0,1,1
20260927_221601,38,上班,2026-09-27 22:16:51.374,2026-09-27 22:16:52.389,1015.700,0,1,1
20260927_221601,39,上班,2026-09-27 22:16:52.392,2026-09-27 22:16:53.467,1074.644,0,1,1
20260927_221601,40,上班,2026-09-27 22:16:53.469,2026-09-27 22:16:54.547,1078.093,0,1,1
20260927_221601,41,上班,2026-09-27 22:16:54.549,2026-09-27 22:16:55.740,1191.691,0,1,1
20260927_221601,42,上班,2026-09-27 22:16:55.744,2026-09-27 22:16:57.018,1273.848,0,1,1
20260927_221601,43,习惯,2026-09-27 22:16:57.020,2026-09-27 22:16:58.796,1775.842,0,1,1
20260927_221601,44,习惯,2026-09-27 22:16:58.798,2026-09-27 22:17:00.190,1392.155,0,1,1
20260927_221601,45,习惯,2026-09-27 22:17:00.194,2026-09-27 22:17:01.444,1250.497,0,1,1
20260927_221601,46,习惯,2026-09-27 22:17:01.446,2026-09-27 22:17:02.388,941.211,0,1,1
20260927_221601,47,习惯,2026-09-27 22:17:02.391,2026-09-27 22:17:05.306,2915.243,0,1,1
20260927_221601,48,习惯,2026-09-27 22:17:05.309,2026-09-27 22:17:08.079,2769.855,0,1,1
20260927_221601,49,习惯,2026-09-27 22:17:08.082,2026-09-27 22:17:09.700,1618.101,0,1,1
20260927_221601,50,到来,2026-09-27 22:17:09.703,2026-09-27 22:17:11.621,1918.273,0,1,1
20260927_221601,51,到来,2026-09-27 22:17:11.624,2026-09-27 22:17:12.607,982.370,0,1,1
20260927_221601,52,到来,2026-09-27 22:17:12.609,2026-09-27 22:17:17.342,4733.008,0,1,1
20260927_221601,53,到来,2026-09-27 22:17:17.344,2026-09-27 22:17:18.459,1115.214,0,1,1
20260927_221601,54,到来,2026-09-27 22:17:18.463,2026-09-27 22:17:19.497,1034.054,0,1,1
20260927_221601,55,到来,2026-09-27 22:17:19.499,2026-09-27 22:17:20.628,1128.941,0,1,1
20260927_221601,56,到来,2026-09-27 22:17:20.632,2026-09-27 22:17:22.690,2058.211,0,1,1
20260927_221601,57,秋天,2026-09-27 22:17:22.692,2026-09-27 22:17:24.383,1691.394,0,1,1
20260927_221601,58,秋天,2026-09-27 22:17:24.387,2026-09-27 22:17:25.259,872.404,0,1,1
20260927_221601,59,秋天,2026-09-27 22:17:25.262,2026-09-27 22:17:26.399,1137.300,0,1,1
20260927_221601,60,秋天,2026-09-27 22:17:26.402,2026-09-27 22:17:27.410,1007.572,0,1,1
20260927_221601,61,秋天,2026-09-27 22:17:27.413,2026-09-27 22:17:28.433,1019.890,0,1,1
20260927_221601,62,秋天,2026-09-27 22:17:28.436,2026-09-27 22:17:30.137,1700.213,0,1,1
20260927_221601,63,秋天,2026-09-27 22:17:30.138,2026-09-27 22:17:31.268,1129.869,0,1,1
20260927_221601,64,中国,2026-09-27 22:17:31.272,2026-09-27 22:17:33.557,2285.435,0,1,1
20260927_221601,65,中国,2026-09-27 22:17:33.561,2026-09-27 22:17:35.571,2010.493,0,1,1
20260927_221601,66,中国,2026-09-27 22:17:35.575,2026-09-27 22:17:37.746,2171.218,0,1,1
20260927_221601,67,中国,2026-09-27 22:17:37.749,2026-09-27 22:17:38.895,1145.597,0,1,1
20260927_221601,68,中国,2026-09-27 22:17:38.896,2026-09-27 22:17:39.863,966.925,0,1,1
20260927_221601,69,中国,2026-09-27 22:17:39.866,2026-09-27 22:17:41.872,2006.543,0,1,1
20260927_221601,70,中国,2026-09-27 22:17:41.875,2026-09-27 22:17:43.042,1167.351,0,1,1
20260927_221601,71,困了,2026-09-27 22:17:43.046,2026-09-27 22:17:44.323,1277.095,0,1,1
20260927_221601,72,困了,2026-09-27 22:17:44.326,2026-09-27 22:17:45.904,1578.167,0,1,1
20260927_221601,73,困了,2026-09-27 22:17:45.907,2026-09-27 22:17:46.867,960.638,0,1,1
20260927_221601,74,困了,2026-09-27 22:17:46.869,2026-09-27 22:17:47.815,946.007,0,1,1
20260927_221601,75,困了,2026-09-27 22:17:47.818,2026-09-27 22:17:48.734,916.373,0,1,1
20260927_221601,76,困了,2026-09-27 22:17:48.737,2026-09-27 22:17:50.237,1499.927,0,1,1
20260927_221601,77,困了,2026-09-27 22:17:50.240,2026-09-27 22:17:51.192,951.993,0,1,1
20260927_221601,78,学姐,2026-09-27 22:17:51.196,2026-09-27 22:17:53.110,1914.762,0,1,1
20260927_221601,79,学姐,2026-09-27 22:17:53.114,2026-09-27 22:17:54.439,1325.244,0,1,1
20260927_221601,80,学姐,2026-09-27 22:17:54.442,2026-09-27 22:17:55.950,1508.452,0,1,1
20260927_221601,81,学姐,2026-09-27 22:17:55.953,2026-09-27 22:17:57.302,1348.361,0,1,1
20260927_221601,82,学姐,2026-09-27 22:17:57.306,2026-09-27 22:17:58.411,1105.681,0,1,1
20260927_221601,83,学姐,2026-09-27 22:17:58.414,2026-09-27 22:17:59.470,1056.303,0,1,1
20260927_221601,84,学姐,2026-09-27 22:17:59.474,2026-09-27 22:18:00.525,1051.203,0,1,1
20260927_221601,85,除非,2026-09-27 22:18:00.528,2026-09-27 22:18:02.329,1800.532,0,1,1
20260927_221601,86,除非,2026-09-27 22:18:02.331,2026-09-27 22:18:03.204,873.413,0,1,1
20260927_221601,87,除非,2026-09-27 22:18:03.208,2026-09-27 22:18:04.104,895.774,0,1,1
20260927_221601,88,除非,2026-09-27 22:18:04.106,2026-09-27 22:18:04.889,782.627,0,1,1
20260927_221601,89,除非,2026-09-27 22:18:04.891,2026-09-27 22:18:05.606,715.456,0,1,1
20260927_221601,90,除非,2026-09-27 22:18:05.610,2026-09-27 22:18:07.144,1533.883,0,1,1
20260927_221601,91,除非,2026-09-27 22:18:07.145,2026-09-27 22:18:07.834,688.845,0,1,1
20260927_221601,92,噩梦,2026-09-27 22:18:07.836,2026-09-27 22:18:09.382,1546.558,0,1,1
20260927_221601,93,噩梦,2026-09-27 22:18:09.385,2026-09-27 22:18:10.352,966.901,0,1,1
20260927_221601,94,噩梦,2026-09-27 22:18:10.356,2026-09-27 22:18:11.275,919.748,0,1,1
20260927_221601,95,噩梦,2026-09-27 22:18:11.278,2026-09-27 22:18:12.376,1097.314,0,1,1
20260927_221601,96,噩梦,2026-09-27 22:18:12.379,2026-09-27 22:18:15.001,2622.931,0,1,1
20260927_221601,97,噩梦,2026-09-27 22:18:15.004,2026-09-27 22:18:15.927,922.868,0,1,1
20260927_221601,98,噩梦,2026-09-27 22:18:15.931,2026-09-27 22:18:16.920,989.132,0,1,1
20260927_221601,99,安慰,2026-09-27 22:18:16.922,2026-09-27 22:18:18.344,1422.487,0,1,1
20260927_221601,100,安慰,2026-09-27 22:18:18.346,2026-09-27 22:18:19.913,1567.401,0,1,1
20260927_221601,101,安慰,2026-09-27 22:18:19.917,2026-09-27 22:18:20.972,1055.808,0,1,1
20260927_221601,102,安慰,2026-09-27 22:18:20.976,2026-09-27 22:18:22.781,1805.048,0,1,1
20260927_221601,103,安慰,2026-09-27 22:18:22.783,2026-09-27 22:18:24.042,1259.123,0,1,1
20260927_221601,104,安慰,2026-09-27 22:18:24.046,2026-09-27 22:18:25.602,1556.286,0,1,1
20260927_221601,105,安慰,2026-09-27 22:18:25.604,2026-09-27 22:18:26.863,1258.533,0,1,1
20260927_221601,106,昂扬,2026-09-27 22:18:26.866,2026-09-27 22:18:28.351,1485.165,0,1,1
20260927_221601,107,昂扬,2026-09-27 22:18:28.354,2026-09-27 22:18:29.476,1121.877,0,1,1
20260927_221601,108,昂扬,2026-09-27 22:18:29.479,2026-09-27 22:18:30.645,1166.087,0,1,1
20260927_221601,109,昂扬,2026-09-27 22:18:30.648,2026-09-27 22:18:31.887,1238.902,0,1,1
20260927_221601,110,昂扬,2026-09-27 22:18:31.891,2026-09-27 22:18:32.975,1084.494,0,1,1
20260927_221601,111,昂扬,2026-09-27 22:18:32.978,2026-09-27 22:18:34.035,1056.342,0,1,1
20260927_221601,112,昂扬,2026-09-27 22:18:34.037,2026-09-27 22:18:35.044,1007.542,0,1,1
