开始,用时,每分钟输入字数,正确率,自动提交,模式,错误就重开,重复次数,词表词数,总题数,字数,实际提交字数,正确字数,正确,错误,尝试,数据文件,输入法,结束,会话ID,热身题排除,统计题数,提交间隔平均,提交间隔中位数,提交间隔P90,提交间隔P95,提交间隔最大,卡顿阈值,卡顿次数,首次正确题数,首次正确率,最慢题目TOP10,最慢词平均TOP10,备注
2026-09-11 16:30:00.000,3:27:040,,,,,,,,,,,,,,,data0.txt,,2026-09-11 16:33:27.040,,,,,,,,,,,,,,,手动补录
2026-09-11 16:49:05.375,00:32:400,,100.00%,,顺序学习,否,1,016,016,,,,016,000,016,data0.txt,全拼,2026-09-11 16:49:37.824,,,,,,,,,,,,,,,
2026-09-11 18:17:53.250,03:16:900,, 97.40%,是,顺序学习,否,7,016,112,,,,112,003,115,data0.txt,全拼,2026-09-11 18:21:14.723,,,,,,,,,,,,,,,
2026-09-14 11:12:41.765,09:50:810,22.7,100.00%,是,乱序巩固,否,7,016,112,224,224,224,112,000,112,data0.txt,自然码双拼,2026-09-14 11:32:17.621,,,,,,,,,,,,,,,
2026-09-15 09:46:08.273,08:53:720,25.2,100.00%,是,乱序巩固,否,7,016,112,224,224,224,112,000,112,data0.txt,自然码双拼,2026-09-15 09:55:02.386,,,,,,,,,,,,,,,
2026-09-15 15:16:01.708,03:24:120,65.8,100.00%,是,乱序巩固,否,7,016,112,224,224,224,112,000,112,data0.txt,全拼,2026-09-15 15:19:26.626,,,,,,,,,,,,,,,
2026-09-15 15:20:53.304,08:03:510,27.8,100.00%,是,乱序巩固,否,7,016,112,224,224,224,112,000,112,data0.txt,自然码双拼,2026-09-15 15:28:57.075,,,,,,,,,,,,,,,
2026-09-16 09:47:46.475,07:23:320,30.3,100.00%,是,乱序巩固,否,7,016,112,224,224,224,112,000,112,data0.txt,自然码双拼,2026-09-16 09:55:10.351,,,,,,,,,,,,,,,
2026-09-17 18:32:42.989,06:30:660,34.4,100.00%,是,乱序巩固,否,7,016,112,224,224,224,112,000,112,data0.txt,自然码双拼,2026-09-17 18:39:46.888,,,,,,,,,,,,,,,
2026-09-18 18:17:53.204,05:26:720,41.1,100.00%,是,乱序巩固,否,7,016,112,224,224,224,112,000,112,data0.txt,自然码双拼,2026-09-18 18:23:20.030,,,,,,,,,,,,,,,
2026-09-19 14:48:15.286,05:02:120,44.5,100.00%,是,乱序巩固,否,7,016,112,224,224,224,112,000,112,data0.txt,自然码双拼,2026-09-19 14:53:17.580,,,,,,,,,,,,,,,
2026-09-19 16:55:09.345,00:41:410,46.4,100.00%,是,顺序学习,否,1,016,016,032,032,032,016,000,016,data0.txt,自然码双拼,2026-09-19 16:55:50.887,20260919_165501,,,3.055s,2.890s,4.489s,5.746s,7.382s,5.780s,1,16,100.0%,1.大家:7.382s|2.走心:5.201s|10.中国:3.776s|6.上班:3.700s|12.学姐:3.692s|11.困了:3.617s|16.昂扬:3.451s|5.人生:3.086s|7.习惯:2.694s|13.除非:2.300s,"大家:平均=7.382s,中位数=7.382s,最快=7.382s,最慢=7.382s,卡顿=1|走心:平均=5.201s,中位数=5.201s,最快=5.201s,最慢=5.201s,卡顿=0|中国:平均=3.776s,中位数=3.776s,最快=3.776s,最慢=3.776s,卡顿=0|上班:平均=3.700s,中位数=3.700s,最快=3.700s,最慢=3.700s,卡顿=0|学姐:平均=3.692s,中位数=3.692s,最快=3.692s,最慢=3.692s,卡顿=0|困了:平均=3.617s,中位数=3.617s,最快=3.617s,最慢=3.617s,卡顿=0|昂扬:平均=3.451s,中位数=3.451s,最快=3.451s,最慢=3.451s,卡顿=0|人生:平均=3.086s,中位数=3.086s,最快=3.086s,最慢=3.086s,卡顿=0|习惯:平均=2.694s,中位数=2.694s,最快=2.694s,最慢=2.694s,卡顿=0|除非:平均=2.300s,中位数=2.300s,最快=2.300s,最慢=2.300s,卡顿=0",
2026-09-19 18:42:37.747,04:25:740,50.6,100.00%,是,乱序巩固,否,7,016,112,224,224,224,112,000,112,data0.txt,自然码双拼,2026-09-19 18:47:03.536,20260919_184156,,,2.742s,2.216s,3.913s,4.313s,41.463s,4.431s,4,112,100.0%,1.到来:41.463s|23.中国:5.803s|81.中国:5.719s|35.中国:5.091s|40.人生:4.378s|25.上班:4.334s|98.上班:4.296s|17.人生:4.169s|69.人生:4.091s|76.中国:4.015s,"到来:平均=7.915s,中位数=2.580s,最快=1.558s,最慢=41.463s,卡顿=1|中国:平均=4.084s,中位数=4.015s,最快=2.277s,最慢=5.803s,卡顿=3|人生:平均=3.577s,中位数=3.298s,最快=2.850s,最慢=4.378s,卡顿=0|上班:平均=3.532s,中位数=3.288s,最快=2.588s,最慢=4.334s,卡顿=0|学姐:平均=3.047s,中位数=2.822s,最快=2.261s,最慢=4.008s,卡顿=0|除非:平均=2.860s,中位数=2.625s,最快=2.058s,最慢=3.496s,卡顿=0|走心:平均=2.783s,中位数=2.805s,最快=1.710s,最慢=3.833s,卡顿=0|昂扬:平均=2.307s,中位数=2.199s,最快=1.782s,最慢=2.769s,卡顿=0|困了:平均=2.048s,中位数=1.491s,最快=1.385s,最慢=3.705s,卡顿=0|噩梦:平均=1.984s,中位数=1.512s,最快=1.421s,最慢=3.478s,卡顿=0",
2026-09-19 18:49:13.720,03:19:330,67.4,100.00%,是,乱序巩固,否,7,016,112,224,224,224,112,000,112,data0.txt,雾凇拼音,2026-09-19 18:52:33.208,20260919_184910,,,1.805s,1.619s,2.737s,3.288s,5.227s,3.238s,6,112,100.0%,24.昂扬:5.227s|98.中国:4.648s|44.中国:4.179s|17.习惯:3.791s|55.噩梦:3.640s|34.困了:3.560s|10.秋天:3.065s|48.人生:2.982s|1.困了:2.904s|91.噩梦:2.778s,"中国:平均=2.508s,中位数=1.741s,最快=1.568s,最慢=4.648s,卡顿=2|昂扬:平均=2.494s,中位数=2.222s,最快=1.469s,最慢=5.227s,卡顿=1|噩梦:平均=2.225s,中位数=2.223s,最快=1.270s,最慢=3.640s,卡顿=1|困了:平均=2.177s,中位数=1.928s,最快=1.573s,最慢=3.560s,卡顿=1|人生:平均=1.946s,中位数=1.953s,最快=1.506s,最慢=2.982s,卡顿=0|漂亮:平均=1.920s,中位数=1.876s,最快=1.413s,最慢=2.769s,卡顿=0|习惯:平均=1.876s,中位数=1.664s,最快=1.195s,最慢=3.791s,卡顿=1|秋天:平均=1.649s,中位数=1.422s,最快=1.174s,最慢=3.065s,卡顿=0|女性:平均=1.637s,中位数=1.732s,最快=1.277s,最慢=1.784s,卡顿=0|学姐:平均=1.626s,中位数=1.475s,最快=1.241s,最慢=2.375s,卡顿=0",
2026-09-20 09:21:33.301,03:48:910,58.7,100.00%,是,乱序巩固,否,7,016,112,224,224,224,112,000,112,data0.txt,自然码双拼,2026-09-20 09:25:22.234,20260920_092120,,,2.155s,1.898s,3.270s,3.532s,12.651s,3.797s,2,112,100.0%,1.除非:12.651s|11.学姐:4.000s|46.人生:3.653s|40.上班:3.615s|88.中国:3.592s|71.学姐:3.532s|18.上班:3.531s|90.除非:3.524s|56.上班:3.479s|82.人生:3.373s,"除非:平均=4.158s,中位数=2.715s,最快=2.170s,最慢=12.651s,卡顿=1|上班:平均=3.185s,中位数=3.364s,最快=2.587s,最慢=3.615s,卡顿=0|人生:平均=3.111s,中位数=3.077s,最快=2.715s,最慢=3.653s,卡顿=0|学姐:平均=2.890s,中位数=2.579s,最快=2.133s,最慢=4.000s,卡顿=1|中国:平均=2.507s,中位数=2.234s,最快=1.875s,最慢=3.592s,卡顿=0|走心:平均=2.182s,中位数=2.113s,最快=1.822s,最慢=2.737s,卡顿=0|噩梦:平均=2.083s,中位数=1.922s,最快=1.490s,最慢=2.862s,卡顿=0|昂扬:平均=1.869s,中位数=1.884s,最快=1.581s,最慢=2.194s,卡顿=0|到来:平均=1.826s,中位数=1.899s,最快=1.445s,最慢=2.187s,卡顿=0|女性:平均=1.746s,中位数=1.824s,最快=1.370s,最慢=2.187s,卡顿=0",
2026-09-21 09:30:13.043,03:47:980,59.0,100.00%,是,乱序巩固,否,7,016,112,224,224,224,112,000,112,data0.txt,自然码双拼,2026-09-21 09:34:01.077,20260921_092944,1,111,2.053s,1.786s,3.027s,3.437s,8.811s,3.571s,3,112,100.0%,53.漂亮:8.811s|61.学姐:4.205s|106.除非:3.571s|30.女性:3.532s|16.人生:3.502s|37.女性:3.463s|31.学姐:3.410s|111.人生:3.244s|41.中国:3.132s|94.学姐:3.122s,"学姐:平均=3.057s,中位数=3.041s,最快=1.732s,最慢=4.205s,卡顿=1|人生:平均=2.652s,中位数=2.398s,最快=1.997s,最慢=3.502s,卡顿=0|上班:平均=2.580s,中位数=2.535s,最快=2.315s,最慢=3.109s,卡顿=0|除非:平均=2.546s,中位数=2.398s,最快=2.126s,最慢=3.571s,卡顿=1|漂亮:平均=2.512s,中位数=1.454s,最快=1.377s,最慢=8.811s,卡顿=1|女性:平均=2.314s,中位数=1.837s,最快=1.460s,最慢=3.532s,卡顿=0|中国:平均=2.255s,中位数=2.056s,最快=1.786s,最慢=3.132s,卡顿=0|噩梦:平均=1.872s,中位数=1.679s,最快=1.317s,最慢=3.027s,卡顿=0|昂扬:平均=1.859s,中位数=1.905s,最快=1.513s,最慢=2.300s,卡顿=0|习惯:平均=1.845s,中位数=1.649s,最快=1.407s,最慢=2.928s,卡顿=0",
2026-09-22 09:32:13.585,03:31:530,63.5,100.00%,是,乱序巩固,否,7,016,112,224,224,224,112,000,112,data0.txt,自然码双拼,2026-09-22 09:35:45.139,20260922_093209,1,111,1.904s,1.649s,2.829s,3.608s,4.583s,3.298s,7,112,100.0%,106.学姐:4.583s|14.上班:3.995s|86.困了:3.865s|80.中国:3.799s|110.走心:3.766s|108.上班:3.660s|33.到来:3.556s|98.人生:3.243s|76.上班:3.064s|50.学姐:2.963s,"上班:平均=3.019s,中位数=2.829s,最快=2.437s,最慢=3.995s,卡顿=2|中国:平均=2.460s,中位数=2.366s,最快=1.686s,最慢=3.799s,卡顿=1|走心:平均=2.432s,中位数=2.284s,最快=1.460s,最慢=3.766s,卡顿=1|学姐:平均=2.373s,中位数=1.913s,最快=1.436s,最慢=4.583s,卡顿=1|人生:平均=2.295s,中位数=2.465s,最快=1.678s,最慢=3.243s,卡顿=0|困了:平均=1.891s,中位数=1.558s,最快=1.259s,最慢=3.865s,卡顿=1|到来:平均=1.800s,中位数=1.527s,最快=1.240s,最慢=3.556s,卡顿=1|昂扬:平均=1.772s,中位数=1.808s,最快=1.331s,最慢=2.103s,卡顿=0|噩梦:平均=1.740s,中位数=1.649s,最快=1.149s,最慢=2.769s,卡顿=0|除非:平均=1.733s,中位数=1.732s,最快=1.504s,最慢=2.094s,卡顿=0",
2026-09-22 18:45:10.758,07:56:400,30.6,100.00%,是,顺序学习,否,1,050,050,243,243,243,050,000,050,gushi.txt,自然码双拼,2026-09-22 18:53:07.813,20260922_184505,1,49,9.729s,8.087s,17.298s,21.888s,27.561s,16.175s,6,50,100.0%,43.渚清沙白鸟飞回:27.561s|2.床前明月光:22.247s|10.花落知多少:22.242s|11.登鹳雀楼:21.356s|24.谁知盘中餐:18.536s|17.红豆生南国:16.989s|42.风急天高猿啸哀:15.269s|9.夜来风雨声:14.658s|14.欲穷千里目:13.784s|45.不尽长江滚滚来:13.178s,"渚清沙白鸟飞回:平均=27.561s,中位数=27.561s,最快=27.561s,最慢=27.561s,卡顿=1|床前明月光:平均=22.247s,中位数=22.247s,最快=22.247s,最慢=22.247s,卡顿=1|花落知多少:平均=22.242s,中位数=22.242s,最快=22.242s,最慢=22.242s,卡顿=1|登鹳雀楼:平均=21.356s,中位数=21.356s,最快=21.356s,最慢=21.356s,卡顿=1|谁知盘中餐:平均=18.536s,中位数=18.536s,最快=18.536s,最慢=18.536s,卡顿=1|红豆生南国:平均=16.989s,中位数=16.989s,最快=16.989s,最慢=16.989s,卡顿=1|风急天高猿啸哀:平均=15.269s,中位数=15.269s,最快=15.269s,最慢=15.269s,卡顿=0|夜来风雨声:平均=14.658s,中位数=14.658s,最快=14.658s,最慢=14.658s,卡顿=0|欲穷千里目:平均=13.784s,中位数=13.784s,最快=13.784s,最慢=13.784s,卡顿=0|不尽长江滚滚来:平均=13.178s,中位数=13.178s,最快=13.178s,最慢=13.178s,卡顿=0",
2026-09-23 09:46:16.468,03:35:220,62.4,100.00%,是,乱序巩固,否,7,016,112,224,224,224,112,000,112,data0.txt,自然码双拼,2026-09-23 09:49:51.694,20260923_094613,1,111,1.937s,1.769s,2.693s,3.346s,4.069s,3.538s,5,112,100.0%,71.昂扬:4.069s|35.走心:3.963s|68.噩梦:3.927s|22.秋天:3.706s|80.除非:3.613s|96.走心:3.510s|108.上班:3.183s|90.上班:2.956s|7.上班:2.820s|38.习惯:2.812s,"上班:平均=2.684s,中位数=2.580s,最快=2.367s,最慢=3.183s,卡顿=0|走心:平均=2.431s,中位数=2.184s,最快=1.436s,最慢=3.963s,卡顿=1|昂扬:平均=2.370s,中位数=2.231s,最快=1.633s,最慢=4.069s,卡顿=1|除非:平均=2.286s,中位数=2.073s,最快=1.663s,最慢=3.613s,卡顿=1|噩梦:平均=2.192s,中位数=1.866s,最快=1.399s,最慢=3.927s,卡顿=1|人生:平均=2.121s,中位数=2.057s,最快=1.830s,最慢=2.527s,卡顿=0|中国:平均=2.048s,中位数=2.157s,最快=1.663s,最慢=2.542s,卡顿=0|习惯:平均=1.989s,中位数=1.890s,最快=1.558s,最慢=2.812s,卡顿=0|秋天:平均=1.986s,中位数=1.512s,最快=1.474s,最慢=3.706s,卡顿=1|学姐:平均=1.919s,中位数=1.828s,最快=1.663s,最慢=2.365s,卡顿=0",
2026-09-23 15:52:18.404,03:45:530,59.6,100.00%,是,乱序巩固,否,7,016,112,224,224,224,112,000,112,data0.txt,自然码双拼,2026-09-23 15:56:04.078,20260923_155215,1,111,2.031s,1.768s,3.131s,3.729s,4.910s,3.537s,8,112,100.0%,72.噩梦:4.910s|48.噩梦:4.819s|101.学姐:4.651s|49.上班:3.947s|28.学姐:3.765s|40.大家:3.753s|106.上班:3.704s|46.上班:3.681s|78.学姐:3.523s|65.人生:3.388s,"上班:平均=3.196s,中位数=3.131s,最快=2.534s,最慢=3.947s,卡顿=3|学姐:平均=2.996s,中位数=2.775s,最快=1.640s,最慢=4.651s,卡顿=2|噩梦:平均=2.809s,中位数=2.290s,最快=1.564s,最慢=4.910s,卡顿=2|人生:平均=2.476s,中位数=2.380s,最快=1.996s,最慢=3.388s,卡顿=0|昂扬:平均=2.073s,中位数=1.898s,最快=1.535s,最慢=3.137s,卡顿=0|走心:平均=2.040s,中位数=1.913s,最快=1.561s,最慢=2.873s,卡顿=0|习惯:平均=1.918s,中位数=1.761s,最快=1.535s,最慢=2.418s,卡顿=0|除非:平均=1.908s,中位数=1.882s,最快=1.460s,最慢=2.427s,卡顿=0|大家:平均=1.870s,中位数=1.400s,最快=1.345s,最慢=3.753s,卡顿=1|中国:平均=1.858s,中位数=1.922s,最快=1.518s,最慢=2.026s,卡顿=0",
2026-09-24 14:07:03.162,03:38:600,61.5,100.00%,是,乱序巩固,否,7,016,112,224,224,224,112,000,112,data0.txt,自然码双拼,2026-09-24 14:10:41.767,20260924_140639,1,111,1.968s,1.649s,3.260s,3.683s,4.481s,3.298s,11,112,100.0%,21.昂扬:4.481s|79.上班:4.071s|102.习惯:4.042s|53.昂扬:3.881s|83.噩梦:3.864s|7.大家:3.777s|94.上班:3.590s|51.上班:3.532s|46.到来:3.493s|13.噩梦:3.344s,"上班:平均=3.284s,中位数=3.260s,最快=2.512s,最慢=4.071s,卡顿=3|昂扬:平均=2.609s,中位数=2.261s,最快=1.629s,最慢=4.481s,卡顿=2|习惯:平均=2.384s,中位数=2.309s,最快=1.467s,最慢=4.042s,卡顿=1|学姐:平均=2.234s,中位数=2.145s,最快=1.511s,最慢=3.329s,卡顿=1|人生:平均=2.082s,中位数=2.063s,最快=1.898s,最慢=2.481s,卡顿=0|噩梦:平均=2.075s,中位数=1.504s,最快=1.353s,最慢=3.864s,卡顿=2|大家:平均=1.945s,中位数=1.543s,最快=1.359s,最慢=3.777s,卡顿=1|除非:平均=1.945s,中位数=1.965s,最快=1.542s,最慢=2.571s,卡顿=0|走心:平均=1.887s,中位数=1.776s,最快=1.465s,最慢=2.712s,卡顿=0|到来:平均=1.755s,中位数=1.504s,最快=1.142s,最慢=3.493s,卡顿=1",
2026-09-27 20:53:37.732,04:30:090,50.4, 99.10%,是,乱序巩固,否,7,016,112,224,227,224,112,001,113,data0.txt,自然码双拼,2026-09-27 20:58:07.867,20260927_205330,1,111,2.430s,1.958s,3.897s,4.614s,18.712s,3.915s,11,111,99.1%,76.上班:18.712s|74.昂扬:9.133s|109.昂扬:6.969s|20.上班:5.895s|65.学姐:4.906s|54.秋天:4.622s|23.走心:4.606s|35.到来:4.367s|11.上班:4.364s|86.噩梦:4.044s,"上班:平均=5.769s,中位数=3.621s,最快=2.408s,最慢=18.712s,卡顿=3|昂扬:平均=3.930s,中位数=2.473s,最快=1.485s,最慢=9.133s,卡顿=2|走心:平均=2.858s,中位数=2.352s,最快=2.084s,最慢=4.606s,卡顿=1|学姐:平均=2.784s,中位数=2.775s,最快=1.412s,最慢=4.906s,卡顿=1|噩梦:平均=2.758s,中位数=2.877s,最快=1.414s,最慢=4.044s,卡顿=1|到来:平均=2.353s,中位数=2.190s,最快=1.265s,最慢=4.367s,卡顿=1|人生:平均=2.121s,中位数=1.976s,最快=1.580s,最慢=3.097s,卡顿=0|秋天:平均=2.073s,中位数=1.618s,最快=1.300s,最慢=4.622s,卡顿=1|中国:平均=1.975s,中位数=1.939s,最快=1.435s,最慢=2.605s,卡顿=0|习惯:平均=1.889s,中位数=1.589s,最快=1.364s,最慢=3.927s,卡顿=1",
2026-09-27 20:58:51.151,03:51:000,58.2,100.00%,是,乱序巩固,否,7,016,112,224,224,224,112,000,112,data0.txt,自然码双拼,2026-09-27 21:02:42.156,20260927_205848,1,111,2.078s,1.813s,3.292s,4.065s,6.846s,3.626s,9,112,100.0%,93.上班:6.846s|104.走心:5.207s|62.走心:5.107s|19.人生:4.360s|4.上班:4.153s|12.中国:4.128s|61.噩梦:4.001s|56.女性:3.806s|31.除非:3.700s|37.走心:3.471s,"上班:平均=3.721s,中位数=3.242s,最快=2.576s,最慢=6.846s,卡顿=2|走心:平均=3.436s,中位数=3.112s,最快=1.900s,最慢=5.207s,卡顿=2|噩梦:平均=2.793s,中位数=2.540s,最快=2.146s,最慢=4.001s,卡顿=1|中国:平均=2.348s,中位数=2.174s,最快=1.472s,最慢=4.128s,卡顿=1|人生:平均=2.309s,中位数=1.986s,最快=1.729s,最慢=4.360s,卡顿=1|女性:平均=2.202s,中位数=1.894s,最快=1.418s,最慢=3.806s,卡顿=1|学姐:平均=2.052s,中位数=1.973s,最快=1.574s,最慢=2.533s,卡顿=0|除非:平均=2.020s,中位数=1.943s,最快=1.429s,最慢=3.700s,卡顿=1|昂扬:平均=2.005s,中位数=1.911s,最快=1.493s,最慢=3.148s,卡顿=0|习惯:平均=1.719s,中位数=1.743s,最快=1.281s,最慢=2.467s,卡顿=0",
2026-09-27 22:03:42.740,03:46:710,59.3,100.00%,是,乱序巩固,否,7,016,112,224,224,224,112,000,112,data0.txt,自然码双拼,2026-09-27 22:07:29.476,20260927_220339,1,111,2.040s,1.696s,3.705s,3.968s,8.424s,3.391s,13,112,100.0%,110.上班:8.424s|17.走心:4.457s|72.昂扬:4.271s|74.上班:4.185s|71.中国:4.033s|57.走心:3.982s|12.上班:3.954s|104.走心:3.928s|16.噩梦:3.908s|101.到来:3.842s,"上班:平均=4.054s,中位数=3.705s,最快=2.249s,最慢=8.424s,卡顿=4|走心:平均=3.160s,中位数=3.238s,最快=1.523s,最慢=4.457s,卡顿=3|噩梦:平均=2.492s,中位数=2.402s,最快=1.575s,最慢=3.908s,卡顿=1|昂扬:平均=2.485s,中位数=1.934s,最快=1.409s,最慢=4.271s,卡顿=2|中国:平均=2.199s,中位数=1.762s,最快=1.525s,最慢=4.033s,卡顿=1|女性:平均=2.068s,中位数=1.979s,最快=1.283s,最慢=3.670s,卡顿=1|学姐:平均=1.963s,中位数=1.969s,最快=1.300s,最慢=2.609s,卡顿=0|习惯:平均=1.956s,中位数=1.761s,最快=1.343s,最慢=3.336s,卡顿=0|除非:平均=1.792s,中位数=1.800s,最快=1.276s,最慢=2.108s,卡顿=0|人生:平均=1.719s,中位数=1.694s,最快=1.483s,最慢=2.052s,卡顿=0",
2026-09-27 22:07:57.037,03:28:560,64.4,100.00%,是,乱序巩固,否,7,016,112,224,224,224,112,000,112,data0.txt,自然码双拼,2026-09-27 22:11:25.600,20260927_220747,1,111,1.876s,1.768s,2.642s,2.917s,4.813s,3.537s,3,112,100.0%,33.女性:4.813s|37.上班:4.307s|67.走心:3.667s|65.女性:3.525s|68.学姐:3.310s|90.漂亮:2.928s|52.上班:2.906s|48.大家:2.785s|86.到来:2.755s|96.上班:2.753s,"上班:平均=2.626s,中位数=2.253s,最快=1.933s,最慢=4.307s,卡顿=1|女性:平均=2.535s,中位数=1.976s,最快=1.437s,最慢=4.813s,卡顿=1|学姐:平均=2.405s,中位数=2.447s,最快=1.731s,最慢=3.310s,卡顿=0|噩梦:平均=2.192s,中位数=2.135s,最快=1.861s,最慢=2.512s,卡顿=0|走心:平均=2.126s,中位数=1.868s,最快=1.279s,最慢=3.667s,卡顿=1|到来:平均=1.923s,中位数=1.768s,最快=1.339s,最慢=2.755s,卡顿=0|人生:平均=1.875s,中位数=1.942s,最快=1.348s,最慢=2.272s,卡顿=0|中国:平均=1.868s,中位数=1.857s,最快=1.525s,最慢=2.139s,卡顿=0|昂扬:平均=1.859s,中位数=1.881s,最快=1.538s,最慢=2.304s,卡顿=0|困了:平均=1.670s,中位数=1.366s,最快=1.242s,最慢=2.223s,卡顿=0",
2026-09-27 22:11:41.879,03:32:560,63.2,100.00%,是,乱序巩固,否,7,016,112,224,224,224,112,000,112,data0.txt,自然码双拼,2026-09-27 22:15:14.447,20260927_221138,1,111,1.912s,1.547s,3.042s,3.483s,10.366s,3.094s,11,112,100.0%,59.人生:10.366s|60.上班:5.671s|3.上班:5.257s|112.习惯:4.579s|34.到来:3.565s|48.昂扬:3.508s|23.昂扬:3.458s|44.上班:3.213s|109.中国:3.181s|70.昂扬:3.119s,"上班:平均=3.319s,中位数=2.909s,最快=1.753s,最慢=5.671s,卡顿=3|人生:平均=3.032s,中位数=1.732s,最快=1.387s,最慢=10.366s,卡顿=1|昂扬:平均=2.285s,中位数=1.602s,最快=1.393s,最慢=3.508s,卡顿=3|中国:平均=2.240s,中位数=2.188s,最快=1.476s,最慢=3.181s,卡顿=1|习惯:平均=2.041s,中位数=1.637s,最快=1.255s,最慢=4.579s,卡顿=1|女性:平均=1.909s,中位数=1.710s,最快=1.243s,最慢=3.114s,卡顿=1|走心:平均=1.902s,中位数=1.634s,最快=1.314s,最慢=3.042s,卡顿=0|学姐:平均=1.886s,中位数=1.799s,最快=1.501s,最慢=2.442s,卡顿=0|噩梦:平均=1.814s,中位数=1.619s,最快=1.238s,最慢=2.944s,卡顿=0|到来:平均=1.811s,中位数=1.547s,最快=1.214s,最慢=3.565s,卡顿=1",
2026-09-27 22:16:03.053,02:31:980,88.4,100.00%,是,顺序学习,否,7,016,112,224,224,224,112,000,112,data0.txt,自然码双拼,2026-09-27 22:18:35.047,20260927_221601,1,111,1.366s,1.146s,2.010s,2.454s,4.733s,2.292s,6,112,100.0%,52.到来:4.733s|9.走心:4.450s|47.习惯:2.915s|36.上班:2.865s|48.习惯:2.770s|96.噩梦:2.623s|64.中国:2.285s|31.人生:2.182s|66.中国:2.171s|56.到来:2.058s,"到来:平均=1.853s,中位数=1.129s,最快=0.982s,最慢=4.733s,卡顿=1|习惯:平均=1.809s,中位数=1.618s,最快=0.941s,最慢=2.915s,卡顿=2|中国:平均=1.679s,中位数=2.007s,最快=0.967s,最慢=2.285s,卡顿=0|走心:平均=1.653s,中位数=1.146s,最快=0.984s,最慢=4.450s,卡顿=1|人生:平均=1.468s,中位数=1.372s,最快=1.120s,最慢=2.182s,卡顿=0|安慰:平均=1.418s,中位数=1.422s,最快=1.056s,最慢=1.805s,卡顿=0|上班:平均=1.397s,中位数=1.192s,最快=1.016s,最慢=2.865s,卡顿=1|学姐:平均=1.330s,中位数=1.325s,最快=1.051s,最慢=1.915s,卡顿=0|漂亮:平均=1.317s,中位数=1.147s,最快=0.939s,最慢=2.018s,卡顿=0|噩梦:平均=1.295s,中位数=0.989s,最快=0.920s,最慢=2.623s,卡顿=1",
2026-09-28 13:37:43.839,03:05:690,73.0, 99.10%,是,乱序巩固,否,7,016,112,224,226,224,112,001,113,data0.txt,自然码双拼,2026-09-28 13:40:49.537,20260928_133734,1,111,1.671s,1.490s,2.170s,2.587s,5.705s,2.981s,5,111,99.1%,90.上班:5.705s|61.中国:3.501s|104.上班:3.268s|23.上班:3.232s|47.学姐:2.988s|75.上班:2.601s|7.困了:2.573s|16.女性:2.459s|67.到来:2.412s|14.昂扬:2.382s,"上班:平均=2.994s,中位数=2.601s,最快=1.989s,最慢=5.705s,卡顿=3|中国:平均=2.083s,中位数=1.820s,最快=1.459s,最慢=3.501s,卡顿=1|昂扬:平均=1.810s,中位数=1.791s,最快=1.399s,最慢=2.382s,卡顿=0|学姐:平均=1.783s,中位数=1.512s,最快=1.330s,最慢=2.988s,卡顿=1|走心:平均=1.755s,中位数=1.822s,最快=1.483s,最慢=1.936s,卡顿=0|女性:平均=1.709s,中位数=1.535s,最快=1.353s,最慢=2.459s,卡顿=0|到来:平均=1.690s,中位数=1.483s,最快=1.233s,最慢=2.412s,卡顿=0|习惯:平均=1.567s,中位数=1.695s,最快=1.186s,最慢=1.877s,卡顿=0|困了:平均=1.556s,中位数=1.354s,最快=1.307s,最慢=2.573s,卡顿=0|噩梦:平均=1.536s,中位数=1.513s,最快=1.262s,最慢=1.882s,卡顿=0",
2026-09-29 11:23:35.268,02:55:110,77.1, 99.10%,是,乱序巩固,否,7,016,112,224,225,224,112,001,113,data0.txt,自然码双拼,2026-09-29 11:26:30.383,20260929_112325,1,111,1.576s,1.445s,2.137s,2.680s,3.600s,2.889s,4,111,99.1%,36.上班:3.600s|94.上班:3.586s|18.大家:3.433s|31.上班:3.214s|13.上班:2.857s|110.上班:2.773s|67.上班:2.586s|6.习惯:2.238s|11.除非:2.193s|79.漂亮:2.170s,"上班:平均=2.925s,中位数=2.857s,最快=1.860s,最慢=3.600s,卡顿=3|女性:平均=1.690s,中位数=1.558s,最快=1.377s,最慢=2.156s,卡顿=0|昂扬:平均=1.648s,中位数=1.655s,最快=1.332s,最慢=2.137s,卡顿=0|中国:平均=1.605s,中位数=1.528s,最快=1.465s,最慢=2.009s,卡顿=0|习惯:平均=1.579s,中位数=1.550s,最快=1.308s,最慢=2.238s,卡顿=0|学姐:平均=1.555s,中位数=1.414s,最快=1.254s,最慢=1.920s,卡顿=0|走心:平均=1.550s,中位数=1.416s,最快=1.307s,最慢=2.079s,卡顿=0|除非:平均=1.537s,中位数=1.460s,最快=1.305s,最慢=2.193s,卡顿=0|大家:平均=1.526s,中位数=1.178s,最快=1.037s,最慢=3.433s,卡顿=1|人生:平均=1.453s,中位数=1.444s,最快=1.353s,最慢=1.557s,卡顿=0",
2026-09-29 14:08:54.127,06:47:540,38.3, 94.30%,是,顺序学习,否,1,050,050,243,260,243,050,003,053,gushi.txt,自然码双拼,2026-09-29 14:16:28.831,20260929_140847,1,49,9.275s,6.519s,13.731s,16.505s,92.246s,13.038s,7,47,94.0%,19.愿君多采撷:92.246s|25.粒粒皆辛苦:21.263s|35.复照青苔上:17.154s|38.弹琴复长啸:15.532s|17.红豆生南国:14.487s|27.千山鸟飞绝:13.542s|42.风急天高猿啸哀:13.210s|3.疑是地上霜:10.690s|45.不尽长江滚滚来:10.265s|47.朝辞白帝彩云间:10.260s,"愿君多采撷:平均=92.246s,中位数=92.246s,最快=92.246s,最慢=92.246s,卡顿=1|粒粒皆辛苦:平均=21.263s,中位数=21.263s,最快=21.263s,最慢=21.263s,卡顿=1|复照青苔上:平均=17.154s,中位数=17.154s,最快=17.154s,最慢=17.154s,卡顿=1|弹琴复长啸:平均=15.532s,中位数=15.532s,最快=15.532s,最慢=15.532s,卡顿=1|红豆生南国:平均=14.487s,中位数=14.487s,最快=14.487s,最慢=14.487s,卡顿=1|千山鸟飞绝:平均=13.542s,中位数=13.542s,最快=13.542s,最慢=13.542s,卡顿=1|风急天高猿啸哀:平均=13.210s,中位数=13.210s,最快=13.210s,最慢=13.210s,卡顿=1|疑是地上霜:平均=10.690s,中位数=10.690s,最快=10.690s,最慢=10.690s,卡顿=0|不尽长江滚滚来:平均=10.265s,中位数=10.265s,最快=10.265s,最慢=10.265s,卡顿=0|朝辞白帝彩云间:平均=10.260s,中位数=10.260s,最快=10.260s,最慢=10.260s,卡顿=0",
2026-09-29 18:20:46.992,03:03:040,74.1, 99.10%,是,乱序巩固,否,7,016,112,224,226,224,112,001,113,data0.txt,自然码双拼,2026-09-29 18:23:50.037,20260929_182044,1,111,1.647s,1.406s,2.072s,2.540s,7.084s,2.812s,5,111,99.1%,93.上班:7.084s|67.上班:6.837s|109.上班:5.482s|53.上班:3.674s|20.上班:2.829s|12.上班:2.593s|45.上班:2.487s|74.习惯:2.473s|21.中国:2.350s|41.安慰:2.224s,"上班:平均=4.426s,中位数=3.674s,最快=2.487s,最慢=7.084s,卡顿=5|习惯:平均=1.736s,中位数=1.617s,最快=1.353s,最慢=2.473s,卡顿=0|中国:平均=1.728s,中位数=1.666s,最快=1.390s,最慢=2.350s,卡顿=0|学姐:平均=1.637s,中位数=1.693s,最快=1.301s,最慢=2.011s,卡顿=0|噩梦:平均=1.552s,中位数=1.406s,最快=1.308s,最慢=2.057s,卡顿=0|昂扬:平均=1.529s,中位数=1.519s,最快=1.327s,最慢=1.718s,卡顿=0|走心:平均=1.521s,中位数=1.413s,最快=1.256s,最慢=2.072s,卡顿=0|女性:平均=1.468s,中位数=1.421s,最快=1.345s,最慢=1.695s,卡顿=0|人生:平均=1.466s,中位数=1.444s,最快=1.308s,最慢=1.709s,卡顿=0|除非:平均=1.434s,中位数=1.399s,最快=1.269s,最慢=1.708s,卡顿=0",
2026-09-29 18:24:13.543,02:33:320,89.2, 98.20%,是,顺序学习,否,7,016,112,224,228,224,112,002,114,data0.txt,自然码双拼,2026-09-29 18:26:46.873,20260929_182409,1,111,1.380s,1.150s,2.043s,3.055s,4.142s,2.301s,9,111,99.1%,15.漂亮:4.142s|21.漂亮:4.130s|16.漂亮:3.854s|36.上班:3.786s|64.中国:3.266s|102.安慰:3.117s|44.习惯:2.993s|92.噩梦:2.745s|65.中国:2.503s|66.中国:2.261s,"漂亮:平均=2.593s,中位数=1.824s,最快=1.083s,最慢=4.142s,卡顿=3|中国:平均=1.785s,中位数=1.218s,最快=0.991s,最慢=3.266s,卡顿=2|安慰:平均=1.755s,中位数=1.595s,最快=1.345s,最慢=3.117s,卡顿=1|习惯:平均=1.637s,中位数=1.285s,最快=0.922s,最慢=2.993s,卡顿=1|上班:平均=1.362s,中位数=0.946s,最快=0.884s,最慢=3.786s,卡顿=1|学姐:平均=1.333s,中位数=1.262s,最快=1.014s,最慢=1.944s,卡顿=0|人生:平均=1.325s,中位数=1.377s,最快=1.104s,最慢=1.504s,卡顿=0|秋天:平均=1.309s,中位数=1.218s,最快=1.036s,最慢=1.710s,卡顿=0|噩梦:平均=1.285s,中位数=1.112s,最快=0.879s,最慢=2.745s,卡顿=1|昂扬:平均=1.264s,中位数=1.066s,最快=0.945s,最慢=1.853s,卡顿=0",
2026-09-29 18:28:44.642,06:25:670,72.3, 93.30%,是,顺序学习,否,7,026,182,427,465,427,182,013,195,data1.txt,自然码双拼,2026-09-29 18:35:10.341,20260929_182840,1,181,2.129s,1.536s,4.205s,5.501s,7.616s,3.072s,37,171,94.0%,24.单身:7.616s|46.够不着:7.217s|16.残忍:6.695s|29.饿了:6.646s|127.死亡:6.206s|58.little:6.176s|50.喝水:6.146s|27.单身:5.787s|64.节哀顺变:5.722s|60.little:5.501s,"够不着:平均=4.608s,中位数=4.266s,最快=3.273s,最慢=7.217s,卡顿=7|节哀顺变:平均=4.466s,中位数=4.227s,最快=3.208s,最慢=5.722s,卡顿=7|单身:平均=4.062s,中位数=3.217s,最快=2.262s,最慢=7.616s,卡顿=4|little:平均=3.185s,中位数=1.973s,最快=1.339s,最慢=6.176s,卡顿=3|肯德基:平均=2.630s,中位数=2.339s,最快=2.028s,最慢=4.154s,卡顿=1|不知道:平均=2.312s,中位数=2.346s,最快=1.876s,最慢=2.920s,卡顿=0|死亡:平均=2.305s,中位数=1.671s,最快=0.953s,最慢=6.206s,卡顿=2|残忍:平均=2.302s,中位数=1.536s,最快=1.247s,最慢=6.695s,卡顿=1|喝水:平均=2.302s,中位数=1.354s,最快=1.248s,最慢=6.146s,卡顿=1|形式:平均=2.292s,中位数=2.261s,最快=0.915s,最慢=3.609s,卡顿=2",
2026-09-29 18:36:11.214,02:50:360,79.6, 99.10%,是,乱序巩固,否,7,016,112,224,226,224,112,001,113,data0.txt,自然码双拼,2026-09-29 18:39:01.592,20260929_183608,1,111,1.533s,1.367s,2.215s,2.787s,4.522s,2.735s,6,111,99.1%,84.上班:4.522s|48.上班:3.682s|32.上班:3.456s|102.上班:3.379s|5.上班:2.994s|45.习惯:2.979s|109.习惯:2.595s|59.上班:2.397s|75.上班:2.323s|76.昂扬:2.300s,"上班:平均=3.250s,中位数=3.379s,最快=2.323s,最慢=4.522s,卡顿=5|习惯:平均=1.889s,中位数=1.707s,最快=1.279s,最慢=2.979s,卡顿=1|昂扬:平均=1.650s,中位数=1.489s,最快=1.330s,最慢=2.300s,卡顿=0|人生:平均=1.543s,中位数=1.445s,最快=1.383s,最慢=1.868s,卡顿=0|秋天:平均=1.507s,中位数=1.360s,最快=1.241s,最慢=2.215s,卡顿=0|噩梦:平均=1.500s,中位数=1.383s,最快=1.330s,最慢=1.829s,卡顿=0|走心:平均=1.488s,中位数=1.360s,最快=1.188s,最慢=1.930s,卡顿=0|学姐:平均=1.461s,中位数=1.345s,最快=1.186s,最慢=2.260s,卡顿=0|中国:平均=1.425s,中位数=1.414s,最快=1.330s,最慢=1.549s,卡顿=0|除非:平均=1.393s,中位数=1.414s,最快=1.256s,最慢=1.512s,卡顿=0",
2026-09-30 09:42:04.305,02:42:650,82.6,100.00%,是,乱序巩固,是,7,016,112,224,224,224,112,000,112,data0.txt,自然码双拼,2026-09-30 09:44:47.353,20260930_094159,1,111,1.467s,1.421s,1.800s,2.060s,2.579s,2.841s,0,112,100.0%,44.上班:2.579s|11.上班:2.442s|67.女性:2.291s|20.上班:2.286s|52.上班:2.131s|17.女性:2.063s|59.昂扬:2.057s|42.女性:2.013s|83.学姐:2.004s|19.走心:1.907s,"上班:平均=2.079s,中位数=2.131s,最快=1.536s,最慢=2.579s,卡顿=0|女性:平均=1.747s,中位数=1.520s,最快=1.406s,最慢=2.291s,卡顿=0|学姐:平均=1.606s,中位数=1.573s,最快=1.322s,最慢=2.004s,卡顿=0|昂扬:平均=1.538s,中位数=1.422s,最快=1.285s,最慢=2.057s,卡顿=0|人生:平均=1.480s,中位数=1.468s,最快=1.308s,最慢=1.709s,卡顿=0|除非:平均=1.453s,中位数=1.421s,最快=1.229s,最慢=1.691s,卡顿=0|中国:平均=1.452s,中位数=1.413s,最快=1.346s,最慢=1.681s,卡顿=0|秋天:平均=1.447s,中位数=1.489s,最快=1.200s,最慢=1.569s,卡顿=0|走心:平均=1.445s,中位数=1.413s,最快=1.210s,最慢=1.907s,卡顿=0|噩梦:平均=1.437s,中位数=1.383s,最快=1.219s,最慢=1.738s,卡顿=0",
2026-09-30 10:52:04.285,01:11:120,59.1,100.00%,是,乱序巩固,是,2,015,030,070,070,070,030,000,030,slow1.txt,自然码双拼,2026-09-30 10:53:15.416,20260930_105159,1,29,2.451s,1.899s,4.229s,5.542s,6.293s,3.797s,5,30,100.0%,3.节哀顺变:6.293s|19.不知道:5.703s|18.够不着:5.300s|10.喝水:3.961s|17.节哀顺变:3.850s|22.残忍:3.508s|14.肯德基:3.339s|15.残忍:2.412s|28.上班:2.330s|23.肯德基:2.231s,"够不着:平均=5.300s,中位数=5.300s,最快=5.300s,最慢=5.300s,卡顿=1|节哀顺变:平均=5.072s,中位数=5.072s,最快=3.850s,最慢=6.293s,卡顿=2|不知道:平均=3.876s,中位数=3.876s,最快=2.050s,最慢=5.703s,卡顿=1|残忍:平均=2.960s,中位数=2.960s,最快=2.412s,最慢=3.508s,卡顿=0|喝水:平均=2.937s,中位数=2.937s,最快=1.913s,最慢=3.961s,卡顿=1|肯德基:平均=2.785s,中位数=2.785s,最快=2.231s,最慢=3.339s,卡顿=0|上班:平均=2.262s,中位数=2.262s,最快=2.194s,最慢=2.330s,卡顿=0|单身:平均=1.984s,中位数=1.984s,最快=1.890s,最慢=2.078s,卡顿=0|形式:平均=1.866s,中位数=1.866s,最快=1.833s,最慢=1.899s,卡顿=0|死亡:平均=1.750s,中位数=1.750s,最快=1.693s,最慢=1.807s,卡顿=0",
2026-09-30 14:12:47.079,02:36:460,88.2, 97.39%,是,乱序巩固,否,7,016,112,224,230,224,112,003,115,data0.txt,自然码双拼,2026-09-30 14:15:23.688,20260930_141243,1,111,1.409s,1.307s,1.732s,2.144s,3.579s,2.613s,4,109,97.3%,16.昂扬:3.579s|48.中国:3.254s|109.走心:3.071s|100.昂扬:2.679s|13.上班:2.173s|73.人生:2.170s|61.漂亮:2.117s|95.学姐:2.048s|66.困了:2.004s|54.上班:1.763s,"昂扬:平均=1.911s,中位数=1.444s,最快=1.196s,最慢=3.579s,卡顿=2|中国:平均=1.703s,中位数=1.436s,最快=1.345s,最慢=3.254s,卡顿=1|上班:平均=1.692s,中位数=1.586s,最快=1.490s,最慢=2.173s,卡顿=0|走心:平均=1.589s,中位数=1.300s,最快=1.141s,最慢=3.071s,卡顿=1|学姐:平均=1.549s,中位数=1.500s,最快=1.210s,最慢=2.048s,卡顿=0|人生:平均=1.467s,中位数=1.316s,最快=1.214s,最慢=2.170s,卡顿=0|困了:平均=1.428s,中位数=1.308s,最快=1.195s,最慢=2.004s,卡顿=0|女性:平均=1.418s,中位数=1.332s,最快=1.157s,最慢=1.665s,卡顿=0|习惯:平均=1.353s,中位数=1.323s,最快=1.213s,最慢=1.557s,卡顿=0|除非:平均=1.317s,中位数=1.277s,最快=1.153s,最慢=1.738s,卡顿=0",
2026-09-30 15:53:34.845,02:37:790,85.2,100.00%,是,乱序巩固,否,7,016,112,224,224,224,112,000,112,data0.txt,自然码双拼,2026-09-30 15:56:12.646,20260930_155332,1,111,1.420s,1.315s,1.944s,2.200s,3.006s,2.631s,1,112,100.0%,19.噩梦:3.006s|24.上班:2.580s|100.人生:2.375s|81.人生:2.351s|103.中国:2.339s|95.昂扬:2.223s|36.大家:2.178s|30.学姐:2.174s|42.人生:2.117s|79.人生:1.981s,"上班:平均=1.838s,中位数=1.701s,最快=1.453s,最慢=2.580s,卡顿=0|人生:平均=1.797s,中位数=1.981s,最快=1.218s,最慢=2.375s,卡顿=0|中国:平均=1.545s,中位数=1.373s,最快=1.278s,最慢=2.339s,卡顿=0|噩梦:平均=1.532s,中位数=1.285s,最快=1.150s,最慢=3.006s,卡顿=1|学姐:平均=1.463s,中位数=1.393s,最快=1.166s,最慢=2.174s,卡顿=0|习惯:平均=1.452s,中位数=1.489s,最快=1.171s,最慢=1.830s,卡顿=0|昂扬:平均=1.434s,中位数=1.353s,最快=1.152s,最慢=2.223s,卡顿=0|走心:平均=1.391s,中位数=1.369s,最快=1.237s,最慢=1.726s,卡顿=0|到来:平均=1.381s,中位数=1.380s,最快=1.081s,最慢=1.709s,卡顿=0|困了:平均=1.345s,中位数=1.237s,最快=1.145s,最慢=1.746s,卡顿=0",
2026-09-30 15:59:51.024,04:33:250,56.4, 94.59%,是,乱序巩固,否,7,015,105,245,257,245,105,006,111,slow1.txt,自然码双拼,2026-09-30 16:04:24.334,20260930_155945,1,104,2.626s,1.921s,5.220s,5.740s,9.287s,3.842s,17,99,94.3%,50.单身:9.287s|54.节哀顺变:8.117s|22.节哀顺变:6.095s|47.不知道:6.084s|69.喝水:5.952s|25.喝水:5.755s|2.节哀顺变:5.654s|100.肯德基:5.381s|5.够不着:5.340s|34.单身:5.273s,"节哀顺变:平均=5.238s,中位数=5.257s,最快=3.070s,最慢=8.117s,卡顿=5|单身:平均=4.223s,中位数=3.417s,最快=1.799s,最慢=9.287s,卡顿=3|喝水:平均=3.818s,中位数=3.877s,最快=1.632s,最慢=5.952s,卡顿=3|够不着:平均=3.724s,中位数=3.100s,最快=2.731s,最慢=5.340s,卡顿=3|肯德基:平均=3.668s,中位数=3.709s,最快=2.578s,最慢=5.381s,卡顿=2|不知道:平均=3.195s,中位数=2.906s,最快=2.073s,最慢=6.084s,卡顿=1|上班:平均=2.406s,中位数=2.277s,最快=1.559s,最慢=3.455s,卡顿=0|残忍:平均=2.213s,中位数=2.208s,最快=1.654s,最慢=3.244s,卡顿=0|中国:平均=1.831s,中位数=1.618s,最快=1.391s,最慢=3.154s,卡顿=0|学姐:平均=1.717s,中位数=1.512s,最快=1.369s,最慢=2.955s,卡顿=0",
2026-09-30 16:09:06.047,05:41:130,44.0, 96.15%,是,单次测速,否,1,050,050,243,250,243,050,002,052,gushi.txt,自然码双拼,2026-09-30 16:14:47.334,20260930_160903,1,49,6.960s,6.579s,11.183s,13.100s,17.563s,13.157s,3,48,96.0%,46.早发白帝城:17.563s|14.欲穷千里目:13.982s|50.轻舟已过万重山:13.682s|23.汗滴禾下土:12.227s|42.风急天高猿啸哀:11.906s|19.愿君多采撷:11.003s|30.独钓寒江雪:10.481s|29.孤舟蓑笠翁:10.284s|43.渚清沙白鸟飞回:10.264s|34.返景入深林:9.252s,"早发白帝城:平均=17.563s,中位数=17.563s,最快=17.563s,最慢=17.563s,卡顿=1|欲穷千里目:平均=13.982s,中位数=13.982s,最快=13.982s,最慢=13.982s,卡顿=1|轻舟已过万重山:平均=13.682s,中位数=13.682s,最快=13.682s,最慢=13.682s,卡顿=1|汗滴禾下土:平均=12.227s,中位数=12.227s,最快=12.227s,最慢=12.227s,卡顿=0|风急天高猿啸哀:平均=11.906s,中位数=11.906s,最快=11.906s,最慢=11.906s,卡顿=0|愿君多采撷:平均=11.003s,中位数=11.003s,最快=11.003s,最慢=11.003s,卡顿=0|独钓寒江雪:平均=10.481s,中位数=10.481s,最快=10.481s,最慢=10.481s,卡顿=0|孤舟蓑笠翁:平均=10.284s,中位数=10.284s,最快=10.284s,最慢=10.284s,卡顿=0|渚清沙白鸟飞回:平均=10.264s,中位数=10.264s,最快=10.264s,最慢=10.264s,卡顿=0|返景入深林:平均=9.252s,中位数=9.252s,最快=9.252s,最慢=9.252s,卡顿=0",
